法規名稱,維護單位,法規分類,最後修訂(民國),最後修訂(西元),存放路徑,原始檔名,來源網址,別名,狀態
輔英科技大學組織規程(含附表)（114.12.5核定本）,秘書室,綜合性法規(#A),114.12.5,2025-12-05,01_行政單位/02_校長室與秘書處/輔英科技大學組織規程(含附表)（114.12.5核定本）_law01001.pdf,law01001.pdf,https://ese.fy.edu.tw/var/file/57/1057/img/125/law01001.pdf,,已存在
輔英科技大學校務會議設置辦法,秘書室,綜合性法規(#A),112.1.11,2023-01-11,01_行政單位/02_校長室與秘書處/輔英科技大學校務會議設置辦法_law01003.pdf,law01003.pdf,https://ese.fy.edu.tw/var/file/57/1057/img/125/law01003.pdf,,已存在
輔英科技大學校務發展委員會設置辦法,秘書室,綜合性法規(#A),114.6.18,2025-06-18,01_行政單位/02_校長室與秘書處/輔英科技大學校務發展委員會設置辦法_law01004.pdf,law01004.pdf,https://ese.fy.edu.tw/var/file/57/1057/img/125/law01004.pdf,,已存在
輔英科技大學課程委員會設置辦法,教務處,綜合性法規(#A)；教務法規(#B),114.10.22,2025-10-22,01_行政單位/03_教務處/輔英科技大學課程委員會設置辦法_law01005.pdf,law01005.pdf,https://ese.fy.edu.tw/var/file/57/1057/img/125/law01005.pdf,,已存在
輔英科技大學通識教育委員會設置辦法,共同教育中心,綜合性法規(#A),114.6.18,2025-06-18,02_教學學術單位/05_共同教育中心/輔英科技大學通識教育委員會設置辦法_law01006.pdf,law01006.pdf,https://ese.fy.edu.tw/var/file/57/1057/img/125/law01006.pdf,,已存在
輔英科技大學招生委員會設置辦法,教務處,綜合性法規(#A)；教務法規(#B),110.10.13,2021-10-13,01_行政單位/03_教務處/輔英科技大學招生委員會設置辦法_law01007.pdf,law01007.pdf,https://ese.fy.edu.tw/var/file/57/1057/img/125/law01007.pdf,,已存在
輔英科技大學教師評審委員會設置辦法,人事室,綜合性法規(#A)；總務及環安衛法規(#D),115.7.1,2026-07-01,01_行政單位/09_人事室/輔英科技大學教師評審委員會設置辦法_law01008.pdf,law01008.pdf,https://ese.fy.edu.tw/var/file/57/1057/img/125/law01008.pdf,,已存在
輔英科技大學教師申訴評議委員會組織及評議要點,人事室,綜合性法規(#A)；總務及環安衛法規(#D),112.1.11,2023-01-11,01_行政單位/09_人事室/輔英科技大學教師申訴評議委員會組織及評議要點_law01009.pdf,law01009.pdf,https://ese.fy.edu.tw/var/file/57/1057/img/125/law01009.pdf,,已存在
輔英科技大學學生申訴評議辦法,學務處,綜合性法規(#A)；學務法規(#C),113.9.18,2024-09-18,01_行政單位/04_學生事務處/輔英科技大學學生申訴評議辦法_law01010.pdf,law01010.pdf,https://ese.fy.edu.tw/var/file/57/1057/img/125/law01010.pdf,,已存在
輔英科技大學職員工評審委員會設置要點,人事室,綜合性法規(#A)；總務及環安衛法規(#D),109.9.16,2020-09-16,01_行政單位/09_人事室/輔英科技大學職員工評審委員會設置要點_law01011.pdf,law01011.pdf,https://ese.fy.edu.tw/var/file/57/1057/img/125/law01011.pdf,,已存在
輔英科技大學職工申訴評議委員會組織及評議要點,人事室,綜合性法規(#A)；總務及環安衛法規(#D),100.11.2,2011-11-02,01_行政單位/09_人事室/輔英科技大學職工申訴評議委員會組織及評議要點_law01012.pdf,law01012.pdf,https://ese.fy.edu.tw/var/file/57/1057/img/125/law01012.pdf,,已存在
輔英科技大學環境安全衛生委員會設置要點,環境安全衛生中心,綜合性法規(#A)；總務及環安衛法規(#D),110.5.12,2021-05-12,01_行政單位/12_環境安全衛生中心/輔英科技大學環境安全衛生委員會設置要點_law01013.pdf,law01013.pdf,https://ese.fy.edu.tw/var/file/57/1057/img/125/law01013.pdf,,已存在
輔英科技大學品質系統管理審查委員會設置要點,稽核室,綜合性法規(#A),105.9.7,2016-09-07,01_行政單位/11_稽核室/輔英科技大學品質系統管理審查委員會設置要點_law01014.pdf,law01014.pdf,https://ese.fy.edu.tw/var/file/57/1057/img/125/law01014.pdf,,已存在
輔英科技大學性別平等教育委員會設置辦法,學務處,綜合性法規(#A)；學務法規(#C),112.6.7,2023-06-07,01_行政單位/04_學生事務處/輔英科技大學性別平等教育委員會設置辦法_law01015.pdf,law01015.pdf,https://ese.fy.edu.tw/var/file/57/1057/img/125/law01015.pdf,,已存在
輔英科技大學空間規劃委員會設置要點,總務處,綜合性法規(#A)；總務及環安衛法規(#D),113.2.21,2024-02-21,01_行政單位/05_總務處/輔英科技大學空間規劃委員會設置要點_law01016.pdf,law01016.pdf,https://ese.fy.edu.tw/var/file/57/1057/img/125/law01016.pdf,,已存在
輔英科技大學生物安全會設置要點(原：生物實驗安全委員會設置要點),老化及疾病預防研究中心,綜合性法規(#A),103.10.1,2014-10-01,03_研究與中心機構/01_老化及疾病預防研究中心/輔英科技大學生物安全會設置要點(原：生物實驗安全委員會設置要點)_law01017.pdf,law01017.pdf,https://ese.fy.edu.tw/var/file/57/1057/img/125/law01017.pdf,,已存在
輔英科技大學講座聘任辦法,秘書室,綜合性法規(#A)；總務及環安衛法規(#D),99.7.23,2010-07-23,01_行政單位/02_校長室與秘書處/輔英科技大學講座聘任辦法_law01019.pdf,law01019.pdf,https://ese.fy.edu.tw/var/file/57/1057/img/125/law01019.pdf,,已存在
輔英科技大學膳食委員會設置要點,總務處,綜合性法規(#A)；總務及環安衛法規(#D),114.5.21,2025-05-21,01_行政單位/05_總務處/輔英科技大學膳食委員會設置要點_law01021.pdf,law01021.pdf,https://ese.fy.edu.tw/var/file/57/1057/img/125/law01021.pdf,,已存在
輔英科技大學教職員工福利互助委員會設置要點,福委會/人事室,綜合性法規(#A)；總務及環安衛法規(#D),97.12.31,2008-12-31,01_行政單位/09_人事室/輔英科技大學教職員工福利互助委員會設置要點_law01022.pdf,law01022.pdf,https://ese.fy.edu.tw/var/file/57/1057/img/125/law01022.pdf,,已存在
輔英科技大學運用教育部整體發展獎勵補助經費辦法,秘書室,綜合性法規(#A)；總務及環安衛法規(#D)；會計法規(#F),112.6.7,2023-06-07,01_行政單位/02_校長室與秘書處/輔英科技大學運用教育部整體發展獎勵補助經費辦法_law01024.pdf,law01024.pdf,https://ese.fy.edu.tw/var/file/57/1057/img/125/law01024.pdf,,已存在
輔英科技大學運用教育部整體發展獎勵補助經費專責小組設置要點,秘書室,綜合性法規(#A)；會計法規(#F),114.2.12,2025-02-12,01_行政單位/02_校長室與秘書處/輔英科技大學運用教育部整體發展獎勵補助經費專責小組設置要點_law01025.pdf,law01025.pdf,https://ese.fy.edu.tw/var/file/57/1057/img/125/law01025.pdf,,已存在
輔英科技大學自我評鑑實施辦法,秘書室,綜合性法規(#A),114.6.18,2025-06-18,01_行政單位/02_校長室與秘書處/輔英科技大學自我評鑑實施辦法_law01030.pdf,law01030.pdf,https://ese.fy.edu.tw/var/file/57/1057/img/125/law01030.pdf,,已存在
輔英科技大學產學合作暨智慧財產管理委員會設置辦法,研究暨產學發展處,綜合性法規(#A)；研究暨產學發展法規(#G),114.6.18,2025-06-18,01_行政單位/06_研發與永續發展處/輔英科技大學產學合作暨智慧財產管理委員會設置辦法_law01033.pdf,law01033.pdf,https://ese.fy.edu.tw/var/file/57/1057/img/125/law01033.pdf,,已存在
輔英科技大學體育暨健康促進委員會設置辦法(原：體育委員會設置辦法),體育暨健康促進中心,綜合性法規(#A)；體育法規(#P),114.6.18,2025-06-18,01_行政單位/13_健康與體育發展處/輔英科技大學體育暨健康促進委員會設置辦法(原：體育委員會設置辦法)_law01035.pdf,law01035.pdf,https://ese.fy.edu.tw/var/file/57/1057/img/125/law01035.pdf,,已存在
輔英科技大學內部控制制度實施辦法,稽核室,綜合性法規(#A),114.3.26,2025-03-26,01_行政單位/11_稽核室/輔英科技大學內部控制制度實施辦法_law01037.pdf,law01037.pdf,https://ese.fy.edu.tw/var/file/57/1057/img/125/law01037.pdf,,已存在
輔英科技大學輔英News發行要點,秘書室,綜合性法規(#A),102.9.11,2013-09-11,01_行政單位/02_校長室與秘書處/輔英科技大學輔英News發行要點_law01038.pdf,law01038.pdf,https://ese.fy.edu.tw/var/file/57/1057/img/125/law01038.pdf,,已存在
輔英科技大學學術單位經營關鍵績效制度實施要點,秘書室,綜合性法規(#A),102.10.9,2013-10-09,01_行政單位/02_校長室與秘書處/輔英科技大學學術單位經營關鍵績效制度實施要點_law01039.pdf,law01039.pdf,https://ese.fy.edu.tw/var/file/57/1057/img/125/law01039.pdf,,已存在
輔英科技大學內部控制稽核小組設置要點,稽核室,綜合性法規(#A),114.11.5,2025-11-05,01_行政單位/11_稽核室/輔英科技大學內部控制稽核小組設置要點_law01040.pdf,law01040.pdf,https://ese.fy.edu.tw/var/file/57/1057/img/125/law01040.pdf,,已存在
輔英科技大學教學品質保證實施辦法(原：教學品質保證委員會設置辦法),教務處,綜合性法規(#A)；教務法規(#B),114.6.18,2025-06-18,01_行政單位/03_教務處/輔英科技大學教學品質保證實施辦法(原：教學品質保證委員會設置辦法)_law01041.pdf,law01041.pdf,https://ese.fy.edu.tw/var/file/57/1057/img/125/law01041.pdf,,已存在
輔英科技大學校務研究暨規劃室設置辦法(原：校務研究室設置辦法),校務研究暨規劃室,綜合性法規(#A),105.10.5,2016-10-05,03_研究與中心機構/02_校務研究與永續發展中心/輔英科技大學校務研究暨規劃室設置辦法(原：校務研究室設置辦法)_law01043.pdf,law01043.pdf,https://ese.fy.edu.tw/var/file/57/1057/img/125/law01043.pdf,,已存在
輔英科技大學內部控制委員會設置要點,稽核室,綜合性法規(#A),114.11.5,2025-11-05,01_行政單位/11_稽核室/輔英科技大學內部控制委員會設置要點_law01049.pdf,law01049.pdf,https://ese.fy.edu.tw/var/file/57/1057/img/125/law01049.pdf,,已存在
輔英科技大學永續發展委員會設置要點,校務研究暨規劃室,綜合性法規(#A),114.9.3,2025-09-03,03_研究與中心機構/02_校務研究與永續發展中心/輔英科技大學永續發展委員會設置要點_law01050.pdf,law01050.pdf,https://ese.fy.edu.tw/var/file/57/1057/img/125/law01050.pdf,,已存在
輔英科技大學校務研究資料庫管理要點,校務研究暨規劃室,綜合性法規(#A),112.3.8,2023-03-08,03_研究與中心機構/02_校務研究與永續發展中心/輔英科技大學校務研究資料庫管理要點_law11003.pdf,law11003.pdf,https://ese.fy.edu.tw/var/file/57/1057/img/125/law11003.pdf,,已存在
輔英科技大學附設高雄市幼兒園設置辦法,附設幼兒園,綜合性法規(#A),115.9.16,2026-09-16,04_專門委員會與附設機構/04_附設醫院與幼兒園/輔英科技大學附設高雄市幼兒園設置辦法_law01018.pdf,law01018.pdf,https://ese.fy.edu.tw/var/file/57/1057/img/125/law01018.pdf,,已存在
輔英科技大學附設醫院設置辦法(115.7.24教育部核定),附設醫院,綜合性法規(#A),115.7.24,2026-07-24,04_專門委員會與附設機構/04_附設醫院與幼兒園/輔英科技大學附設醫院設置辦法(115.7.24教育部核定)_law01036.pdf,law01036.pdf,https://ese.fy.edu.tw/var/file/57/1057/img/125/law01036.pdf,,已存在
輔英科技大學附設醫院組織要點,附設醫院,綜合性法規(#A),111.11.16,2022-11-16,04_專門委員會與附設機構/04_附設醫院與幼兒園/輔英科技大學附設醫院組織要點_law01044.pdf,law01044.pdf,https://ese.fy.edu.tw/var/file/57/1057/img/125/law01044.pdf,,已存在
輔英科技大學教務會議設置要點,教務處,教務法規(#B),111.12.28,2022-12-28,01_行政單位/03_教務處/輔英科技大學教務會議設置要點_law02001.pdf,law02001.pdf,https://ese.fy.edu.tw/var/file/57/1057/img/125/law02001.pdf,,已存在
輔英科技大學教育目標、基本素養與核心能力制定作業要點,教務處,教務法規(#B),114.12.3,2025-12-03,01_行政單位/03_教務處/輔英科技大學教育目標、基本素養與核心能力制定作業要點_law02064.pdf,law02064.pdf,https://ese.fy.edu.tw/var/file/57/1057/img/125/law02064.pdf,輔英科技大學教育目標與基本能力制定作業要點,已存在
輔英科技大學學生學籍規則,教務處,教務法規(#B),113.2.15,2024-02-15,01_行政單位/03_教務處/輔英科技大學學生學籍規則_law02006.pdf,law02006.pdf,https://ese.fy.edu.tw/var/file/57/1057/img/125/law02006.pdf,,已存在
輔英科技大學附設專科部學生學籍規則,教務處,教務法規(#B),111.12.22,2022-12-22,01_行政單位/03_教務處/輔英科技大學附設專科部學生學籍規則_law02007.pdf,law02007.pdf,https://ese.fy.edu.tw/var/file/57/1057/img/125/law02007.pdf,,已存在
輔英科技大學學生註冊要點,教務處,教務法規(#B),112.11.29,2023-11-29,01_行政單位/03_教務處/輔英科技大學學生註冊要點_law02008.pdf,law02008.pdf,https://ese.fy.edu.tw/var/file/57/1057/img/125/law02008.pdf,,已存在
輔英科技大學學生修讀輔系(科)要點,教務處,教務法規(#B),109.3.5,2020-03-05,01_行政單位/03_教務處/輔英科技大學學生修讀輔系(科)要點_law02009.pdf,law02009.pdf,https://ese.fy.edu.tw/var/file/57/1057/img/125/law02009.pdf,,已存在
輔英科技大學學生轉系(所、科)要點(原：輔英科技大學學生轉系要點),教務處,教務法規(#B),114.3.20,2025-03-20,01_行政單位/03_教務處/輔英科技大學學生轉系(所、科)要點(原：輔英科技大學學生轉系要點)_law02010.pdf,law02010.pdf,https://ese.fy.edu.tw/var/file/57/1057/img/125/law02010.pdf,,已存在
輔英科技大學學生學業成績預警實施要點,教務處,教務法規(#B),104.9.30,2015-09-30,01_行政單位/03_教務處/輔英科技大學學生學業成績預警實施要點_law02012.pdf,law02012.pdf,https://ese.fy.edu.tw/var/file/57/1057/img/125/law02012.pdf,,已存在
輔英科技大學學生抵免學分要點,教務處,教務法規(#B),115.1.15,2026-01-15,01_行政單位/03_教務處/輔英科技大學學生抵免學分要點_law02014.pdf,law02014.pdf,https://ese.fy.edu.tw/var/file/57/1057/img/125/law02014.pdf,,已存在
輔英科技大學辦理延聘論文指導教授要點,教務處,教務法規(#B),115.4.2,2026-04-02,01_行政單位/03_教務處/輔英科技大學辦理延聘論文指導教授要點_law02015.pdf,law02015.pdf,https://ese.fy.edu.tw/var/file/57/1057/img/125/law02015.pdf,,已存在
輔英科技大學雙主修要點,教務處,教務法規(#B),109.3.5,2020-03-05,01_行政單位/03_教務處/輔英科技大學雙主修要點_law02016.pdf,law02016.pdf,https://ese.fy.edu.tw/var/file/57/1057/img/125/law02016.pdf,,已存在
輔英科技大學研究生助學金實施要點,教務處,教務法規(#B),115.6.3,2026-06-03,01_行政單位/03_教務處/輔英科技大學研究生助學金實施要點_law02024.pdf,law02024.pdf,https://ese.fy.edu.tw/var/file/57/1057/img/125/law02024.pdf,,已存在
輔英科技大學與大陸地區及國外大學校院辦理雙聯學制實施要點,教務處,教務法規(#B),100.7.8,2011-07-08,01_行政單位/03_教務處/輔英科技大學與大陸地區及國外大學校院辦理雙聯學制實施要點_law02025.pdf,law02025.pdf,https://ese.fy.edu.tw/var/file/57/1057/img/125/law02025.pdf,,已存在
輔英科技大學學生至大陸地區及出國期間學籍及學業處理要點,教務處,教務法規(#B),113.3.14,2024-03-14,01_行政單位/03_教務處/輔英科技大學學生至大陸地區及出國期間學籍及學業處理要點_law02027.pdf,law02027.pdf,https://ese.fy.edu.tw/var/file/57/1057/img/125/law02027.pdf,,已存在
輔英科技大學書卷獎獎勵要點,教務處,教務法規(#B),114.4.30,2025-04-30,01_行政單位/03_教務處/輔英科技大學書卷獎獎勵要點_law04024.pdf,law04024.pdf,https://ese.fy.edu.tw/var/file/57/1057/img/125/law04024.pdf,,已存在
輔英科技大學學生選課要點,教務處,教務法規(#B),114.6.12,2025-06-12,01_行政單位/03_教務處/輔英科技大學學生選課要點_law02028.pdf,law02028.pdf,https://ese.fy.edu.tw/var/file/57/1057/img/125/law02028.pdf,,已存在
輔英科技大學開辦暑期課程要點,教務處,教務法規(#B),110.10.7,2021-10-07,01_行政單位/03_教務處/輔英科技大學開辦暑期課程要點_law02029.pdf,law02029.pdf,https://ese.fy.edu.tw/var/file/57/1057/img/125/law02029.pdf,,已存在
輔英科技大學校際選課要點,教務處,教務法規(#B),113.10.17,2024-10-17,01_行政單位/03_教務處/輔英科技大學校際選課要點_law02030.pdf,law02030.pdf,https://ese.fy.edu.tw/var/file/57/1057/img/125/law02030.pdf,,已存在
輔英科技大學跨領域學分學程實施與學生修習要點(原：輔英科技大學跨領域學分學程開設暨學生修習要點、學分學程開設暨學生修習要點),教務處,教務法規(#B),115.1.15,2026-01-15,01_行政單位/03_教務處/輔英科技大學跨領域學分學程實施與學生修習要點(原：輔英科技大學跨領域學分學程開設暨學生修習要點、學分學程開設暨學生修習要點)_law02031.pdf,law02031.pdf,https://ese.fy.edu.tw/var/file/57/1057/img/125/law02031.pdf,,已存在
輔英科技大學研究生碩士學位考試要點,教務處,教務法規(#B),114.11.19,2025-11-19,01_行政單位/03_教務處/輔英科技大學研究生碩士學位考試要點_law02032.pdf,law02032.pdf,https://ese.fy.edu.tw/var/file/57/1057/img/125/law02032.pdf,,已存在
輔英科技大學必修科目免修要點,教務處,教務法規(#B),104.9.30,2015-09-30,01_行政單位/03_教務處/輔英科技大學必修科目免修要點_law02034.pdf,law02034.pdf,https://ese.fy.edu.tw/var/file/57/1057/img/125/law02034.pdf,,已存在
輔英科技大學辦理高級中等學校學生預修大學課程要點,教務處,教務法規(#B),114.1.9,2025-01-09,01_行政單位/03_教務處/輔英科技大學辦理高級中等學校學生預修大學課程要點_law02036.pdf,law02036.pdf,https://ese.fy.edu.tw/var/file/57/1057/img/125/law02036.pdf,,已存在
輔英科技大學一般教室冷氣空調管理要點,教務處,教務法規(#B),113.10.17,2024-10-17,01_行政單位/03_教務處/輔英科技大學一般教室冷氣空調管理要點_law02038.pdf,law02038.pdf,https://ese.fy.edu.tw/var/file/57/1057/img/125/law02038.pdf,,已存在
輔英科技大學遠距教學數位學習課程實施要點(原：輔英科技大學遠距教學作業要點),教務處,教務法規(#B),114.10.16,2025-10-16,01_行政單位/03_教務處/輔英科技大學遠距教學數位學習課程實施要點(原：輔英科技大學遠距教學作業要點)_law02039.pdf,law02039.pdf,https://ese.fy.edu.tw/var/file/57/1057/img/125/law02039.pdf,,已存在
輔英科技大學學生停課、復（補）課及學習輔導應變措施要點,教務處,教務法規(#B),110.10.20,2021-10-20,01_行政單位/03_教務處/輔英科技大學學生停課、復（補）課及學習輔導應變措施要點_law02041.pdf,law02041.pdf,https://ese.fy.edu.tw/var/file/57/1057/img/125/law02041.pdf,,已存在
輔英科技大學業界專家協同教學實施要點,教務處,教務法規(#B),113.6.13,2024-06-13,01_行政單位/03_教務處/輔英科技大學業界專家協同教學實施要點_law02042.pdf,law02042.pdf,https://ese.fy.edu.tw/var/file/57/1057/img/125/law02042.pdf,,已存在
輔英科技大學教學管理實施要點,教務處,教務法規(#B),114.1.9,2025-01-09,01_行政單位/03_教務處/輔英科技大學教學管理實施要點_law02045.pdf,law02045.pdf,https://ese.fy.edu.tw/var/file/57/1057/img/125/law02045.pdf,,已存在
輔英科技大學專任教師授課要點,教務處,教務法規(#B),114.12.3,2025-12-03,01_行政單位/03_教務處/輔英科技大學專任教師授課要點_law02046.pdf,law02046.pdf,https://ese.fy.edu.tw/var/file/57/1057/img/125/law02046.pdf,,已存在
輔英科技大學全英語授課課程實施要點(原：輔英科技大學英（外）語授課獎勵要點),教務處,教務法規(#B),112.5.10,2023-05-10,01_行政單位/03_教務處/輔英科技大學全英語授課課程實施要點(原：輔英科技大學英（外）語授課獎勵要點)_law02047.pdf,law02047.pdf,https://ese.fy.edu.tw/var/file/57/1057/img/125/law02047.pdf,,已存在
輔英科技大學科目表制定及課程開設要點,教務處,教務法規(#B),115.3.5,2026-03-05,01_行政單位/03_教務處/輔英科技大學科目表制定及課程開設要點_law02059.pdf,law02059.pdf,https://ese.fy.edu.tw/var/file/57/1057/img/125/law02059.pdf,,已存在
輔英科技大學實務專題製作實施要點,教務處,教務法規(#B),105.7.26,2016-07-26,01_行政單位/03_教務處/輔英科技大學實務專題製作實施要點_law02005.pdf,law02005.pdf,https://ese.fy.edu.tw/var/file/57/1057/img/125/law02005.pdf,,已存在
輔英科技大學教師課程點名作業要點(原：輔英科技大學學生上課點名實施要點),教務處,教務法規(#B),112.11.29,2023-11-29,01_行政單位/03_教務處/輔英科技大學教師課程點名作業要點(原：輔英科技大學學生上課點名實施要點)_law02061.pdf,law02061.pdf,https://ese.fy.edu.tw/var/file/57/1057/img/125/law02061.pdf,,已存在
輔英科技大學考試規則,教務處,教務法規(#B),103.1.22,2014-01-22,01_行政單位/03_教務處/輔英科技大學考試規則_law02062.pdf,law02062.pdf,https://ese.fy.edu.tw/var/file/57/1057/img/125/law02062.pdf,,已存在
輔英科技大學課程審查作業要點,教務處,教務法規(#B),115.1.15,2026-01-15,01_行政單位/03_教務處/輔英科技大學課程審查作業要點_law02079.pdf,law02079.pdf,https://ese.fy.edu.tw/var/file/57/1057/img/125/law02079.pdf,,已存在
輔英科技大學維護突遭重大災害學生學習權益處理原則,教務處,教務法規(#B),105.4.29,2016-04-29,01_行政單位/03_教務處/輔英科技大學維護突遭重大災害學生學習權益處理原則_law02083.pdf,law02083.pdf,https://ese.fy.edu.tw/var/file/57/1057/img/125/law02083.pdf,,已存在
輔英科技大學遠距教學推動委員會設置要點,教務處,教務法規(#B),114.9.3,2025-09-03,01_行政單位/03_教務處/輔英科技大學遠距教學推動委員會設置要點_law02094.pdf,law02094.pdf,https://ese.fy.edu.tw/var/file/57/1057/img/125/law02094.pdf,,已存在
輔英科技大學教師調、補、代課要點,教務處,教務法規(#B),111.6.16,2022-06-16,01_行政單位/03_教務處/輔英科技大學教師調、補、代課要點_law02099.pdf,law02099.pdf,https://ese.fy.edu.tw/var/file/57/1057/img/125/law02099.pdf,,已存在
輔英科技大學專任教師基本授課學時數不足處理辦法,教務處,教務法規(#B),110.6.16,2021-06-16,01_行政單位/03_教務處/輔英科技大學專任教師基本授課學時數不足處理辦法_law02101.pdf,law02101.pdf,https://ese.fy.edu.tw/var/file/57/1057/img/125/law02101.pdf,,已存在
輔英科技大學碩士學位論文違反學術倫理案件處理要點,教務處,教務法規(#B),108.6.12,2019-06-12,01_行政單位/03_教務處/輔英科技大學碩士學位論文違反學術倫理案件處理要點_law02106.pdf,law02106.pdf,https://ese.fy.edu.tw/var/file/57/1057/img/125/law02106.pdf,,已存在
輔英科技大學自主學習課程實施要點,教務處,教務法規(#B),115.4.2,2026-04-02,01_行政單位/03_教務處/輔英科技大學自主學習課程實施要點_law02108.pdf,law02108.pdf,https://ese.fy.edu.tw/var/file/57/1057/img/125/law02108.pdf,,已存在
輔英科技大學研究生學位論文指導費及相關費用支給要點,教務處,教務法規(#B),112.11.29,2023-11-29,01_行政單位/03_教務處/輔英科技大學研究生學位論文指導費及相關費用支給要點_law02111.pdf,law02111.pdf,https://ese.fy.edu.tw/var/file/57/1057/img/125/law02111.pdf,,已存在
輔英科技大學學位授予實施要點,教務處,教務法規(#B),110.6.24,2021-06-24,01_行政單位/03_教務處/輔英科技大學學位授予實施要點_law02114.pdf,law02114.pdf,https://ese.fy.edu.tw/var/file/57/1057/img/125/law02114.pdf,,已存在
輔英科技大學研究生學位論文品保檢核機制要點,教務處,教務法規(#B),114.6.12,2025-06-12,01_行政單位/03_教務處/輔英科技大學研究生學位論文品保檢核機制要點_law02118.pdf,law02118.pdf,https://ese.fy.edu.tw/var/file/57/1057/img/125/law02118.pdf,,已存在
輔英科技大學運動傑出學生彈性修讀課程要點,教務處,教務法規(#B),111.10.6,2022-10-06,01_行政單位/03_教務處/輔英科技大學運動傑出學生彈性修讀課程要點_law02122.pdf,law02122.pdf,https://ese.fy.edu.tw/var/file/57/1057/img/125/law02122.pdf,,已存在
輔英科技大學教學空間管理與借用要點,教務處,教務法規(#B),111.12.28,2022-12-28,01_行政單位/03_教務處/輔英科技大學教學空間管理與借用要點_law02125.pdf,law02125.pdf,https://ese.fy.edu.tw/var/file/57/1057/img/125/law02125.pdf,,已存在
輔英科技大學跨領域共授課程實施要點,教務處,教務法規(#B),112.5.10,2023-05-10,01_行政單位/03_教務處/輔英科技大學跨領域共授課程實施要點_law02126.pdf,law02126.pdf,https://ese.fy.edu.tw/var/file/57/1057/img/125/law02126.pdf,,已存在
輔英科技大學學士班學生就學期間服役彈性修業實施要點,教務處,教務法規(#B),113.2.15,2024-02-15,01_行政單位/03_教務處/輔英科技大學學士班學生就學期間服役彈性修業實施要點_law11004.pdf,law11004.pdf,https://ese.fy.edu.tw/var/file/57/1057/img/125/law11004.pdf,,已存在
輔英科技大學學生跨領域學習獎勵要點,教務處,教務法規(#B),114.9.3,2025-09-03,01_行政單位/03_教務處/輔英科技大學學生跨領域學習獎勵要點_law02129.pdf,law02129.pdf,https://ese.fy.edu.tw/var/file/57/1057/img/125/law02129.pdf,,已存在
輔英科技大學碩士班招生規定(原：碩士班招生辦法),教務處,教務法規(#B),110.9.27,2021-09-27,01_行政單位/03_教務處/輔英科技大學碩士班招生規定(原：碩士班招生辦法)_law02052.pdf,law02052.pdf,https://ese.fy.edu.tw/var/file/57/1057/img/125/law02052.pdf,,已存在
輔英科技大學二年制學士班申請入學招生規定(原：二技申請入學招生規定),教務處,教務法規(#B),110.9.29,2021-09-29,01_行政單位/03_教務處/輔英科技大學二年制學士班申請入學招生規定(原：二技申請入學招生規定)_law02065.pdf,law02065.pdf,https://ese.fy.edu.tw/var/file/57/1057/img/125/law02065.pdf,,已存在
輔英科技大學招生宣傳活動經費補助注意事項(原：輔英科技大學104學年度招生宣傳活動經費補助注意事項),教務處,教務法規(#B),113.5.22,2024-05-22,01_行政單位/03_教務處/輔英科技大學招生宣傳活動經費補助注意事項(原：輔英科技大學104學年度招生宣傳活動經費補助注意事項)_law02086.pdf,law02086.pdf,https://ese.fy.edu.tw/var/file/57/1057/img/125/law02086.pdf,,已存在
輔英科技大學優秀新生獎獎勵要點(112學年度),教務處,教務法規(#B),112.11.29,2023-11-29,01_行政單位/03_教務處/輔英科技大學優秀新生獎獎勵要點(112學年度)_law02081-112.pdf,law02081-112.pdf,https://ese.fy.edu.tw/var/file/57/1057/img/125/law02081-112.pdf,,已存在
輔英科技大學優秀新生獎獎勵要點(113學年度),教務處,教務法規(#B),112.11.29,2023-11-29,01_行政單位/03_教務處/輔英科技大學優秀新生獎獎勵要點(113學年度)_law02081-113.pdf,law02081-113.pdf,https://ese.fy.edu.tw/var/file/57/1057/img/125/law02081-113.pdf,,已存在
輔英科技大學優秀新生獎獎勵要點(114學年度),教務處,教務法規(#B),113.11.13,2024-11-13,01_行政單位/03_教務處/輔英科技大學優秀新生獎獎勵要點(114學年度)_law02081-114.pdf,law02081-114.pdf,https://ese.fy.edu.tw/var/file/57/1057/img/125/law02081-114.pdf,,已存在
輔英科技大學優秀新生獎獎勵要點(115學年度),教務處,教務法規(#B),114.12.31,2025-12-31,01_行政單位/03_教務處/輔英科技大學優秀新生獎獎勵要點(115學年度)_law02081-115.pdf,law02081-115.pdf,https://ese.fy.edu.tw/var/file/57/1057/img/125/law02081-115.pdf,,已存在
輔英科技大學四技日間部單獨招生規定,教務處,教務法規(#B),110.9.14,2021-09-14,01_行政單位/03_教務處/輔英科技大學四技日間部單獨招生規定_law02112.pdf,law02112.pdf,https://ese.fy.edu.tw/var/file/57/1057/img/125/law02112.pdf,,已存在
輔英科技大學四技進修部單獨招生規定,教務處,教務法規(#B),110.9.13,2021-09-13,01_行政單位/03_教務處/輔英科技大學四技進修部單獨招生規定_law02113.pdf,law02113.pdf,https://ese.fy.edu.tw/var/file/57/1057/img/125/law02113.pdf,,已存在
輔英科技大學離島地區國中應屆畢業生升學五專保送甄選招生規定,教務處,教務法規(#B),110.10.5,2021-10-05,01_行政單位/03_教務處/輔英科技大學離島地區國中應屆畢業生升學五專保送甄選招生規定_law02115.pdf,law02115.pdf,https://ese.fy.edu.tw/var/file/57/1057/img/125/law02115.pdf,,已存在
輔英科技大學五專免試續招入學招生規定,教務處,教務法規(#B),110.10.7,2021-10-07,01_行政單位/03_教務處/輔英科技大學五專免試續招入學招生規定_law02116.pdf,law02116.pdf,https://ese.fy.edu.tw/var/file/57/1057/img/125/law02116.pdf,,已存在
輔英科技大學大學部暨附設專科部轉學招生規定,教務處,教務法規(#B),110.9.28,2021-09-28,01_行政單位/03_教務處/輔英科技大學大學部暨附設專科部轉學招生規定_law02117.pdf,law02117.pdf,https://ese.fy.edu.tw/var/file/57/1057/img/125/law02117.pdf,,已存在
輔英科技大學重點運動項目績優學生單獨招生規定,教務處,教務法規(#B),110.12.8,2021-12-08,01_行政單位/03_教務處/輔英科技大學重點運動項目績優學生單獨招生規定_law02119.pdf,law02119.pdf,https://ese.fy.edu.tw/var/file/57/1057/img/125/law02119.pdf,,已存在
輔英科技大學教學品質保證實施要點,教務處,教務法規(#B),104.5.18,2015-05-18,01_行政單位/03_教務處/輔英科技大學教學品質保證實施要點_law02063.pdf,law02063.pdf,https://ese.fy.edu.tw/var/file/57/1057/img/125/law02063.pdf,,已存在
輔英科技大學教學評量實施要點,教務處,教務法規(#B),112.10.12,2023-10-12,01_行政單位/03_教務處/輔英科技大學教學評量實施要點_law03001.pdf,law03001.pdf,https://ese.fy.edu.tw/var/file/57/1057/img/125/law03001.pdf,,已存在
輔英科技大學教師研習經費補助要點,教務處,教務法規(#B),113.7.9,2024-07-09,01_行政單位/03_教務處/輔英科技大學教師研習經費補助要點_law03002.pdf,law03002.pdf,https://ese.fy.edu.tw/var/file/57/1057/img/125/law03002.pdf,,已存在
輔英科技大學學術活動經費補助要點,教務處,教務法規(#B),114.7.15,2025-07-15,01_行政單位/03_教務處/輔英科技大學學術活動經費補助要點_law03003.pdf,law03003.pdf,https://ese.fy.edu.tw/var/file/57/1057/img/125/law03003.pdf,,已存在
輔英科技大學獎勵教師取得專業證照要點,教務處,教務法規(#B),115.3.27,2026-03-27,01_行政單位/03_教務處/輔英科技大學獎勵教師取得專業證照要點_law03008.pdf,law03008.pdf,https://ese.fy.edu.tw/var/file/57/1057/img/125/law03008.pdf,,已存在
輔英科技大學教師創新教學研究計畫補助要點(原：輔英科技大學改進教學專題研究計畫補助要點),教務處,教務法規(#B),112.10.25,2023-10-25,01_行政單位/03_教務處/輔英科技大學教師創新教學研究計畫補助要點(原：輔英科技大學改進教學專題研究計畫補助要點)_law03009.pdf,law03009.pdf,https://ese.fy.edu.tw/var/file/57/1057/img/125/law03009.pdf,,已存在
輔英科技大學教學評量管理委員會設置要點,教務處,教務法規(#B),112.10.12,2023-10-12,01_行政單位/03_教務處/輔英科技大學教學評量管理委員會設置要點_law03015.pdf,law03015.pdf,https://ese.fy.edu.tw/var/file/57/1057/img/125/law03015.pdf,,已存在
輔英科技大學提升教師教學績效輔導要點,教務處,教務法規(#B),111.11.24,2022-11-24,01_行政單位/03_教務處/輔英科技大學提升教師教學績效輔導要點_law03016.pdf,law03016.pdf,https://ese.fy.edu.tw/var/file/57/1057/img/125/law03016.pdf,,已存在
輔英科技大學教學諮詢小組設置要點,教務處,教務法規(#B),110.3.11,2021-03-11,01_行政單位/03_教務處/輔英科技大學教學諮詢小組設置要點_law03017.pdf,law03017.pdf,https://ese.fy.edu.tw/var/file/57/1057/img/125/law03017.pdf,,已存在
輔英科技大學教師專業成長社群實施要點,教務處,教務法規(#B),112.10.25,2023-10-25,01_行政單位/03_教務處/輔英科技大學教師專業成長社群實施要點_law03021.pdf,law03021.pdf,https://ese.fy.edu.tw/var/file/57/1057/img/125/law03021.pdf,,已存在
輔英科技大學數位學習教材獎助要點(原：輔輔英科技大學數位學習教材獎勵要點),教務處,教務法規(#B),115.1.7,2026-01-07,01_行政單位/03_教務處/輔英科技大學數位學習教材獎助要點(原：輔輔英科技大學數位學習教材獎勵要點)_law03023.pdf,law03023.pdf,https://ese.fy.edu.tw/var/file/57/1057/img/125/law03023.pdf,,已存在
輔英科技大學磨課師課程實施要點,教務處,教務法規(#B),113.4.3,2024-04-03,01_行政單位/03_教務處/輔英科技大學磨課師課程實施要點_law03025.pdf,law03025.pdf,https://ese.fy.edu.tw/var/file/57/1057/img/125/law03025.pdf,,已存在
輔英科技大學教師教學產出成果競賽獎勵要點,教務處,教務法規(#B),115.6.11,2026-06-11,01_行政單位/03_教務處/輔英科技大學教師教學產出成果競賽獎勵要點_law02120.pdf,law02120.pdf,https://ese.fy.edu.tw/var/file/57/1057/img/125/law02120.pdf,,已存在
輔英科技大學教學觀議課實施要點,教務處,教務法規(#B),111.9.29,2022-09-29,01_行政單位/03_教務處/輔英科技大學教學觀議課實施要點_law02121.pdf,law02121.pdf,https://ese.fy.edu.tw/var/file/57/1057/img/125/law02121.pdf,,已存在
輔英科技大學數位學習平台管理要點,教務處,教務法規(#B),115.4.2,2026-04-02,01_行政單位/03_教務處/輔英科技大學數位學習平台管理要點_law02131.pdf,law02131.pdf,https://ese.fy.edu.tw/var/file/57/1057/img/125/law02131.pdf,,已存在
輔英科技大學教師輔導學生學習成效獎勵實施要點,教務處,教務法規(#B),115.6.3,2026-06-03,01_行政單位/03_教務處/輔英科技大學教師輔導學生學習成效獎勵實施要點_Law02132.pdf,Law02132.pdf,https://ese.fy.edu.tw/var/file/57/1057/img/125/Law02132.pdf,,已存在
輔英科技大學學生校外實習委員會設置辦法,教務處,教務法規(#B),114.6.18,2025-06-18,01_行政單位/03_教務處/輔英科技大學學生校外實習委員會設置辦法_law02003.pdf,law02003.pdf,https://ese.fy.edu.tw/var/file/57/1057/img/125/law02003.pdf,,已存在
輔英科技大學學生校外實習要點,教務處,教務法規(#B),115.6.24,2026-06-24,01_行政單位/03_教務處/輔英科技大學學生校外實習要點_law02004.pdf,law02004.pdf,https://ese.fy.edu.tw/var/file/57/1057/img/125/law02004.pdf,,已存在
輔英科技大學學生海外實務學習要點,教務處,教務法規(#B),113.3.14,2024-03-14,01_行政單位/03_教務處/輔英科技大學學生海外實務學習要點_law02084.pdf,law02084.pdf,https://ese.fy.edu.tw/var/file/57/1057/img/125/law02084.pdf,,已存在
輔英科技大學海外實務學習課程補助實施要點,教務處,教務法規(#B),115.6.3,2026-06-03,01_行政單位/03_教務處/輔英科技大學海外實務學習課程補助實施要點_law02087.pdf,law02087.pdf,https://ese.fy.edu.tw/var/file/57/1057/img/125/law02087.pdf,,已存在
輔英科技大學學生證照獎勵實施要點,教務處,教務法規(#B),115.2.25,2026-02-25,01_行政單位/03_教務處/輔英科技大學學生證照獎勵實施要點_law02023.pdf,law02023.pdf,https://ese.fy.edu.tw/var/file/57/1057/img/125/law02023.pdf,,已存在
輔英科技大學激勵學習安心就學作業要點,教務處,教務法規(#B),114.12.31,2025-12-31,01_行政單位/03_教務處/輔英科技大學激勵學習安心就學作業要點_law02100.pdf,law02100.pdf,https://ese.fy.edu.tw/var/file/57/1057/img/125/law02100.pdf,,已存在
輔英科技大學學生共學團體實施要點,教務處,教務法規(#B),112.2.8,2023-02-08,01_行政單位/03_教務處/輔英科技大學學生共學團體實施要點_law02105.pdf,law02105.pdf,https://ese.fy.edu.tw/var/file/57/1057/img/125/law02105.pdf,,已存在
輔英科技大學學習導航老師實施要點,教務處,教務法規(#B),112.10.12,2023-10-12,01_行政單位/03_教務處/輔英科技大學學習導航老師實施要點_law02109.pdf,law02109.pdf,https://ese.fy.edu.tw/var/file/57/1057/img/125/law02109.pdf,,已存在
輔英科技大學幼兒保育暨產業系教保專業知能課程學分抵免採認辦法,幼兒保育暨產業系,教務法規(#B),106.9.28,2017-09-28,02_教學學術單位/04_人文與管理學院/輔英科技大學幼兒保育暨產業系教保專業知能課程學分抵免採認辦法_law02089.pdf,law02089.pdf,https://ese.fy.edu.tw/var/file/57/1057/img/125/law02089.pdf,幼兒保育系教保專業知能課程學分抵免採認辦法,OK
輔英科技大學「英文能力優化」課程學分認證實施要點,共同教育中心,教務法規(#B),108.3.27,2019-03-27,02_教學學術單位/05_共同教育中心/輔英科技大學「英文能力優化」課程學分認證實施要點_law02077.pdf,law02077.pdf,https://ese.fy.edu.tw/var/file/57/1057/img/125/law02077.pdf,,已存在
輔英科技大學外國語文能力課程免修及抵免要點,共同教育中心,教務法規(#B),109.1.9,2020-01-09,02_教學學術單位/05_共同教育中心/輔英科技大學外國語文能力課程免修及抵免要點_law02073.pdf,law02073.pdf,https://ese.fy.edu.tw/var/file/57/1057/img/125/law02073.pdf,,已存在
輔英科技大學專業倫理教育發展委員會設置辦法,共同教育中心,教務法規(#B),114.6.18,2025-06-18,02_教學學術單位/05_共同教育中心/輔英科技大學專業倫理教育發展委員會設置辦法_law02088.pdf,law02088.pdf,https://ese.fy.edu.tw/var/file/57/1057/img/125/law02088.pdf,,已存在
輔英科技大學「第二外語-語言別」課程免修及抵免要點,共同教育中心,教務法規(#B),109.1.9,2020-01-09,02_教學學術單位/05_共同教育中心/輔英科技大學「第二外語-語言別」課程免修及抵免要點_law02093.pdf,law02093.pdf,https://ese.fy.edu.tw/var/file/57/1057/img/125/law02093.pdf,,已存在
輔英科技大學英語授課教師資格認證要點,共同教育中心,教務法規(#B),112.10.12,2023-10-12,02_教學學術單位/05_共同教育中心/輔英科技大學英語授課教師資格認證要點_law02096.pdf,law02096.pdf,https://ese.fy.edu.tw/var/file/57/1057/img/125/law02096.pdf,,已存在
輔英科技大學共同教育中心通識自主學習課程作業要點,共同教育中心,教務法規(#B),113.6.13,2024-06-13,02_教學學術單位/05_共同教育中心/輔英科技大學共同教育中心通識自主學習課程作業要點_law02124.pdf,law02124.pdf,https://ese.fy.edu.tw/var/file/57/1057/img/125/law02124.pdf,,已存在
輔英科技大學學生外語能力檢定補助要點,共同教育中心,教務法規(#B),114.3.19,2025-03-19,02_教學學術單位/05_共同教育中心/輔英科技大學學生外語能力檢定補助要點_law02128.pdf,law02128.pdf,https://ese.fy.edu.tw/var/file/57/1057/img/125/law02128.pdf,,已存在
輔英科技大學學生事務會議設置要點,學務處,學務法規(#C),111.11.30,2022-11-30,01_行政單位/04_學生事務處/輔英科技大學學生事務會議設置要點_law04001.pdf,law04001.pdf,https://ese.fy.edu.tw/var/file/57/1057/img/125/law04001.pdf,,已存在
輔英科技大學性別平等教育實施辦法(原：性別平等教育實施要點),學務處,學務法規(#C),113.6.19,2024-06-19,01_行政單位/04_學生事務處/輔英科技大學性別平等教育實施辦法(原：性別平等教育實施要點)_law04002.pdf,law04002.pdf,https://ese.fy.edu.tw/var/file/57/1057/img/125/law04002.pdf,,已存在
輔英科技大學校園性別事件防治辦法,學務處,學務法規(#C),113.6.19,2024-06-19,01_行政單位/04_學生事務處/輔英科技大學校園性別事件防治辦法_law04003.pdf,law04003.pdf,https://ese.fy.edu.tw/var/file/57/1057/img/125/law04003.pdf,,已存在
輔英科技大學學生事務處行政人員職務交接作業要點,學務處,學務法規(#C),109.5.21,2020-05-21,01_行政單位/04_學生事務處/輔英科技大學學生事務處行政人員職務交接作業要點_law04082.pdf,law04082.pdf,https://ese.fy.edu.tw/var/file/57/1057/img/125/law04082.pdf,,已存在
輔英科技大學學生懷孕受教權維護及輔導協助要點,學務處,學務法規(#C),112.10.18,2023-10-18,01_行政單位/04_學生事務處/輔英科技大學學生懷孕受教權維護及輔導協助要點_law04093.pdf,law04093.pdf,https://ese.fy.edu.tw/var/file/57/1057/img/125/law04093.pdf,,已存在
輔英科技大學學生宿舍收、退費要點,學務處,學務法規(#C),114.5.21,2025-05-21,01_行政單位/04_學生事務處/輔英科技大學學生宿舍收、退費要點_law04019.pdf,law04019.pdf,https://ese.fy.edu.tw/var/file/57/1057/img/125/law04019.pdf,,已存在
輔英科技大學宿舍履約保證金收、退費要點,學務處,學務法規(#C),114.1.2,2025-01-02,01_行政單位/04_學生事務處/輔英科技大學宿舍履約保證金收、退費要點_law04020.pdf,law04020.pdf,https://ese.fy.edu.tw/var/file/57/1057/img/125/law04020.pdf,,已存在
輔英科技大學導師制度實施辦法(原：大學部導師制度實施辦法),學務處,學務法規(#C),115.7.1,2026-07-01,01_行政單位/04_學生事務處/輔英科技大學導師制度實施辦法(原：大學部導師制度實施辦法)_law04025.pdf,law04025.pdf,https://ese.fy.edu.tw/var/file/57/1057/img/125/law04025.pdf,,已存在
輔英科技大學學生獎懲規定,學務處,學務法規(#C),115.3.26,2026-03-26,01_行政單位/04_學生事務處/輔英科技大學學生獎懲規定_law04027.pdf,law04027.pdf,https://ese.fy.edu.tw/var/file/57/1057/img/125/law04027.pdf,,已存在
輔英科技大學專科學生獎懲規定,學務處,學務法規(#C),115.3.26,2026-03-26,01_行政單位/04_學生事務處/輔英科技大學專科學生獎懲規定_law04028.pdf,law04028.pdf,https://ese.fy.edu.tw/var/file/57/1057/img/125/law04028.pdf,,已存在
輔英科技大學學生操行成績評定要點(原：大學學生操行成績評定要點),學務處,學務法規(#C),110.10.7,2021-10-07,01_行政單位/04_學生事務處/輔英科技大學學生操行成績評定要點(原：大學學生操行成績評定要點)_law04029.pdf,law04029.pdf,https://ese.fy.edu.tw/var/file/57/1057/img/125/law04029.pdf,,已存在
輔英科技大學專科學生操行成績評定要點,學務處,學務法規(#C),111.1.20,2022-01-20,01_行政單位/04_學生事務處/輔英科技大學專科學生操行成績評定要點_law04030.pdf,law04030.pdf,https://ese.fy.edu.tw/var/file/57/1057/img/125/law04030.pdf,,已存在
輔英科技大學學生請假要點(原：大學學生請假要點),學務處,學務法規(#C),113.5.22,2024-05-22,01_行政單位/04_學生事務處/輔英科技大學學生請假要點(原：大學學生請假要點)_law04031.pdf,law04031.pdf,https://ese.fy.edu.tw/var/file/57/1057/img/125/law04031.pdf,,已存在
輔英科技大學績優導師表揚實施要點,學務處,學務法規(#C),110.10.20,2021-10-20,01_行政單位/04_學生事務處/輔英科技大學績優導師表揚實施要點_law04040.pdf,law04040.pdf,https://ese.fy.edu.tw/var/file/57/1057/img/125/law04040.pdf,,已存在
輔英科技大學五專學生服裝穿著要點,學務處,學務法規(#C),114.12.9,2025-12-09,01_行政單位/04_學生事務處/輔英科技大學五專學生服裝穿著要點_law04045.pdf,law04045.pdf,https://ese.fy.edu.tw/var/file/57/1057/img/125/law04045.pdf,,已存在
輔英科技大學學生宿舍幹部設置要點,學務處,學務法規(#C),115.6.3,2026-06-03,01_行政單位/04_學生事務處/輔英科技大學學生宿舍幹部設置要點_law04056.pdf,law04056.pdf,https://ese.fy.edu.tw/var/file/57/1057/img/125/law04056.pdf,,已存在
輔英科技大學品德教育推動小組設置要點,學務處,學務法規(#C),106.10.19,2017-10-19,01_行政單位/04_學生事務處/輔英科技大學品德教育推動小組設置要點_law04063.pdf,law04063.pdf,https://ese.fy.edu.tw/var/file/57/1057/img/125/law04063.pdf,,已存在
輔英科技大學應屆畢業生全勤獎實施要點,學務處,學務法規(#C),105.11.2,2016-11-02,01_行政單位/04_學生事務處/輔英科技大學應屆畢業生全勤獎實施要點_law04068.pdf,law04068.pdf,https://ese.fy.edu.tw/var/file/57/1057/img/125/law04068.pdf,,已存在
輔英科技大學教師輔導與管教學生辦法,學務處,學務法規(#C),110.6.16,2021-06-16,01_行政單位/04_學生事務處/輔英科技大學教師輔導與管教學生辦法_law04078.pdf,law04078.pdf,https://ese.fy.edu.tw/var/file/57/1057/img/125/law04078.pdf,,已存在
輔英科技大學學生住宿作業要點,學務處,學務法規(#C),114.6.13,2025-06-13,01_行政單位/04_學生事務處/輔英科技大學學生住宿作業要點_law04079.pdf,law04079.pdf,https://ese.fy.edu.tw/var/file/57/1057/img/125/law04079.pdf,,已存在
輔英科技大學學生校外賃居安全暨服務工作推動小組設置要點,學務處,學務法規(#C),110.12.8,2021-12-08,01_行政單位/04_學生事務處/輔英科技大學學生校外賃居安全暨服務工作推動小組設置要點_law04089.pdf,law04089.pdf,https://ese.fy.edu.tw/var/file/57/1057/img/125/law04089.pdf,,已存在
輔英科技大學校園安全暨災害防救委員會設置辦法,學務處,學務法規(#C),114.1.15,2025-01-15,01_行政單位/04_學生事務處/輔英科技大學校園安全暨災害防救委員會設置辦法_law04042.pdf,law04042.pdf,https://ese.fy.edu.tw/var/file/57/1057/img/125/law04042.pdf,,已存在
輔英科技大學學生宿舍用電收支管理要點,學務處,學務法規(#C),115.2.25,2026-02-25,01_行政單位/04_學生事務處/輔英科技大學學生宿舍用電收支管理要點_law04090.pdf,law04090.pdf,https://ese.fy.edu.tw/var/file/57/1057/img/125/law04090.pdf,,已存在
輔英科技大學經濟暨文化不利學生住宿助學金實施要點(原：輔英科技大學住宿生低收入戶助學金生活服務學習實施要點),學務處,學務法規(#C),112.5.10,2023-05-10,01_行政單位/04_學生事務處/輔英科技大學經濟暨文化不利學生住宿助學金實施要點(原：輔英科技大學住宿生低收入戶助學金生活服務學習實施要點)_law04065.pdf,law04065.pdf,https://ese.fy.edu.tw/var/file/57/1057/img/125/law04065.pdf,,已存在
輔英科技大學勞作服務教育課程施行要點(原：勞作服務教育施行要點),學務處,學務法規(#C),114.4.30,2025-04-30,01_行政單位/04_學生事務處/輔英科技大學勞作服務教育課程施行要點(原：勞作服務教育施行要點)_law04008.pdf,law04008.pdf,https://ese.fy.edu.tw/var/file/57/1057/img/125/law04008.pdf,,已存在
輔英科技大學服務學習教育委員會設置要點,學務處,學務法規(#C),110.3.10,2021-03-10,01_行政單位/04_學生事務處/輔英科技大學服務學習教育委員會設置要點_law04051.pdf,law04051.pdf,https://ese.fy.edu.tw/var/file/57/1057/img/125/law04051.pdf,,已存在
輔英科技大學服務學習教育實施要點(原：服務學習教育課程實施要點),學務處,學務法規(#C),115.4.2,2026-04-02,01_行政單位/04_學生事務處/輔英科技大學服務學習教育實施要點(原：服務學習教育課程實施要點)_law04052.pdf,law04052.pdf,https://ese.fy.edu.tw/var/file/57/1057/img/125/law04052.pdf,,已存在
輔英科技大學服務實踐課程實施要點(原：服務學習教育課程實施要點),學務處,學務法規(#C),113.12.24,2024-12-24,01_行政單位/04_學生事務處/輔英科技大學服務實踐課程實施要點(原：服務學習教育課程實施要點)_law04069.pdf,law04069.pdf,https://ese.fy.edu.tw/var/file/57/1057/img/125/law04069.pdf,,已存在
輔英科技大學服務學習績優學生志工選拔要點,學務處,學務法規(#C),110.1.6,2021-01-06,01_行政單位/04_學生事務處/輔英科技大學服務學習績優學生志工選拔要點_law04071.pdf,law04071.pdf,https://ese.fy.edu.tw/var/file/57/1057/img/125/law04071.pdf,,已存在
輔英科技大學勤勞服務教育課程施行要點,學務處,學務法規(#C),115.3.18,2026-03-18,01_行政單位/04_學生事務處/輔英科技大學勤勞服務教育課程施行要點_law04076.pdf,law04076.pdf,https://ese.fy.edu.tw/var/file/57/1057/img/125/law04076.pdf,,已存在
輔英科技大學環境永續與服務實踐課程施行要點,學務處,學務法規(#C),114.9.3,2025-09-03,01_行政單位/04_學生事務處/輔英科技大學環境永續與服務實踐課程施行要點_law04096.pdf,law04096.pdf,https://ese.fy.edu.tw/var/file/57/1057/img/125/law04096.pdf,,已存在
輔英科技大學健康環境與綠色校園實踐課程施行要點,學務處,學務法規(#C),115.3.18,2026-03-18,01_行政單位/04_學生事務處/輔英科技大學健康環境與綠色校園實踐課程施行要點_law04100.pdf,law04100.pdf,https://ese.fy.edu.tw/var/file/57/1057/img/125/law04100.pdf,,已存在
輔英科技大學學生就學獎助學金委員會設置要點,學務處,學務法規(#C),114.10.8,2025-10-08,01_行政單位/04_學生事務處/輔英科技大學學生就學獎助學金委員會設置要點_law04004.pdf,law04004.pdf,https://ese.fy.edu.tw/var/file/57/1057/img/125/law04004.pdf,,已存在
輔英科技大學學生就學獎助學金實施辦法,學務處,學務法規(#C),113.1.10,2024-01-10,01_行政單位/04_學生事務處/輔英科技大學學生就學獎助學金實施辦法_law04005.pdf,law04005.pdf,https://ese.fy.edu.tw/var/file/57/1057/img/125/law04005.pdf,,已存在
輔英科技大學榮譽畢業生獎勵要點,學務處,學務法規(#C),108.12.18,2019-12-18,01_行政單位/04_學生事務處/輔英科技大學榮譽畢業生獎勵要點_law04006.pdf,law04006.pdf,https://ese.fy.edu.tw/var/file/57/1057/img/125/law04006.pdf,,已存在
輔英科技大學緊急紓困助學金實施要點,學務處,學務法規(#C),112.2.8,2023-02-08,01_行政單位/04_學生事務處/輔英科技大學緊急紓困助學金實施要點_law04007.pdf,law04007.pdf,https://ese.fy.edu.tw/var/file/57/1057/img/125/law04007.pdf,,已存在
輔英科技大學學生自治會會長、副會長暨學生議員選舉罷免辦法(原：輔英科技大學學生自治會正副會長選舉罷免辦法),學務處,學務法規(#C),110.1.14,2021-01-14,01_行政單位/04_學生事務處/輔英科技大學學生自治會會長、副會長暨學生議員選舉罷免辦法(原：輔英科技大學學生自治會正副會長選舉罷免辦法)_law04010.pdf,law04010.pdf,https://ese.fy.edu.tw/var/file/57/1057/img/125/law04010.pdf,,已存在
輔英科技大學學生社團評鑑要點,學務處,學務法規(#C),110.6.10,2021-06-10,01_行政單位/04_學生事務處/輔英科技大學學生社團評鑑要點_law04011.pdf,law04011.pdf,https://ese.fy.edu.tw/var/file/57/1057/img/125/law04011.pdf,,已存在
輔英科技大學學生社團指導老師聘任要點,學務處,學務法規(#C),111.11.30,2022-11-30,01_行政單位/04_學生事務處/輔英科技大學學生社團指導老師聘任要點_law04013.pdf,law04013.pdf,https://ese.fy.edu.tw/var/file/57/1057/img/125/law04013.pdf,,已存在
輔英科技大學學生課外活動費使用要點,學務處,學務法規(#C),106.1.4,2017-01-04,01_行政單位/04_學生事務處/輔英科技大學學生課外活動費使用要點_law04015.pdf,law04015.pdf,https://ese.fy.edu.tw/var/file/57/1057/img/125/law04015.pdf,,已存在
輔英科技大學學生自治團體設置及輔導要點,學務處,學務法規(#C),106.1.4,2017-01-04,01_行政單位/04_學生事務處/輔英科技大學學生自治團體設置及輔導要點_law04017.pdf,law04017.pdf,https://ese.fy.edu.tw/var/file/57/1057/img/125/law04017.pdf,,已存在
輔英科技大學學生校外活動安全輔導辦法,學務處,學務法規(#C),100.6.24,2011-06-24,01_行政單位/04_學生事務處/輔英科技大學學生校外活動安全輔導辦法_law04018.pdf,law04018.pdf,https://ese.fy.edu.tw/var/file/57/1057/img/125/law04018.pdf,,已存在
輔英科技大學學生自治會組織章程,學務處,學務法規(#C),110.1.14,2021-01-14,01_行政單位/04_學生事務處/輔英科技大學學生自治會組織章程_law04041.pdf,law04041.pdf,https://ese.fy.edu.tw/var/file/57/1057/img/125/law04041.pdf,,已存在
輔英科技大學生活助學金實施要點,學務處,學務法規(#C),112.11.29,2023-11-29,01_行政單位/04_學生事務處/輔英科技大學生活助學金實施要點_law04053.pdf,law04053.pdf,https://ese.fy.edu.tw/var/file/57/1057/img/125/law04053.pdf,,已存在
輔英科技大學勵志工讀助學金實施要點(原：勵志服務學習助學金實施要點、勵志服務助學金設置要點),學務處,學務法規(#C),106.10.19,2017-10-19,01_行政單位/04_學生事務處/輔英科技大學勵志工讀助學金實施要點(原：勵志服務學習助學金實施要點、勵志服務助學金設置要點)_law04054.pdf,law04054.pdf,https://ese.fy.edu.tw/var/file/57/1057/img/125/law04054.pdf,,已存在
輔英科技大學校級會議學生代表產生方式要點,學務處,學務法規(#C),109.1.9,2020-01-09,01_行政單位/04_學生事務處/輔英科技大學校級會議學生代表產生方式要點_law04080.pdf,law04080.pdf,https://ese.fy.edu.tw/var/file/57/1057/img/125/law04080.pdf,,已存在
輔英科技大學因應新冠肺炎之學生社團活動辦理執行要點,學務處,學務法規(#C),110.9.2,2021-09-02,01_行政單位/04_學生事務處/輔英科技大學因應新冠肺炎之學生社團活動辦理執行要點_law04081.pdf,law04081.pdf,https://ese.fy.edu.tw/var/file/57/1057/img/125/law04081.pdf,,已存在
輔英科技大學學生社團張貼海報管理要點(原：學生張貼海報管理要點),學務處,學務法規(#C),109.6.18,2020-06-18,01_行政單位/04_學生事務處/輔英科技大學學生社團張貼海報管理要點(原：學生張貼海報管理要點)_law04083.pdf,law04083.pdf,https://ese.fy.edu.tw/var/file/57/1057/img/125/law04083.pdf,,已存在
輔英科技大學性別弱勢獎學金要點,學務處,學務法規(#C),109.10.14,2020-10-14,01_行政單位/04_學生事務處/輔英科技大學性別弱勢獎學金要點_law04086.pdf,law04086.pdf,https://ese.fy.edu.tw/var/file/57/1057/img/125/law04086.pdf,,已存在
輔英科技大學特殊教育學生獎補助金作業要點,學務處,學務法規(#C),112.11.29,2023-11-29,01_行政單位/04_學生事務處/輔英科技大學特殊教育學生獎補助金作業要點_law04094.pdf,law04094.pdf,https://ese.fy.edu.tw/var/file/57/1057/img/125/law04094.pdf,,已存在
輔英科技大學菁英校友國外進修獎學金實施要點,學務處,學務法規(#C),114.10.8,2025-10-08,01_行政單位/04_學生事務處/輔英科技大學菁英校友國外進修獎學金實施要點_law04097.pdf,law04097.pdf,https://ese.fy.edu.tw/var/file/57/1057/img/125/law04097.pdf,,已存在
輔英科技大學學生安心就學專案捐款助學金實施要點,學務處,學務法規(#C),114.10.8,2025-10-08,01_行政單位/04_學生事務處/輔英科技大學學生安心就學專案捐款助學金實施要點_law04098.pdf,law04098.pdf,https://ese.fy.edu.tw/var/file/57/1057/img/125/law04098.pdf,,已存在
輔英科技大學學生參與校外專業競賽獎勵要點,學務處,學務法規(#C),114.12.3,2025-12-03,01_行政單位/04_學生事務處/輔英科技大學學生參與校外專業競賽獎勵要點_law04099.pdf,law04099.pdf,https://ese.fy.edu.tw/var/file/57/1057/img/125/law04099.pdf,,已存在
輔英科技大學職涯輔導老師實施要點,學務處,學務法規(#C),115.6.30,2026-06-30,01_行政單位/04_學生事務處/輔英科技大學職涯輔導老師實施要點_law04050.pdf,law04050.pdf,https://ese.fy.edu.tw/var/file/57/1057/img/125/law04050.pdf,,已存在
輔英科技大學心靈SPA導師實施要點,學務處,學務法規(#C),112.6.8,2023-06-08,01_行政單位/04_學生事務處/輔英科技大學心靈SPA導師實施要點_law04067.pdf,law04067.pdf,https://ese.fy.edu.tw/var/file/57/1057/img/125/law04067.pdf,,已存在
輔英科技大學學生輔導暨特殊教育推行委員會設置要點(原：特殊教育推行委員會設置要點),學務處,學務法規(#C),114.9.3,2025-09-03,01_行政單位/04_學生事務處/輔英科技大學學生輔導暨特殊教育推行委員會設置要點(原：特殊教育推行委員會設置要點)_law04062.pdf,law04062.pdf,https://ese.fy.edu.tw/var/file/57/1057/img/125/law04062.pdf,,已存在
輔英科技大學特殊教育學生交通費申請審查實施要點(原：身心障礙學生交通費申請審查實施要點),學務處,學務法規(#C),113.4.18,2024-04-18,01_行政單位/04_學生事務處/輔英科技大學特殊教育學生交通費申請審查實施要點(原：身心障礙學生交通費申請審查實施要點)_law04073.pdf,law04073.pdf,https://ese.fy.edu.tw/var/file/57/1057/img/125/law04073.pdf,,已存在
輔英科技大學特殊教育學生課業輔導申請要點(原：資源教室特殊教育學生課業輔導申請要點),學務處,學務法規(#C),114.10.28,2025-10-28,01_行政單位/04_學生事務處/輔英科技大學特殊教育學生課業輔導申請要點(原：資源教室特殊教育學生課業輔導申請要點)_law04074.pdf,law04074.pdf,https://ese.fy.edu.tw/var/file/57/1057/img/125/law04074.pdf,,已存在
輔英科技大學學生事務處諮商輔導中心兼任輔導老師聘任實施要點,學務處,學務法規(#C),107.11.21,2018-11-21,01_行政單位/04_學生事務處/輔英科技大學學生事務處諮商輔導中心兼任輔導老師聘任實施要點_law04075.pdf,law04075.pdf,https://ese.fy.edu.tw/var/file/57/1057/img/125/law04075.pdf,,已存在
輔英科技大學學生轉銜輔導及服務要點,學務處,學務法規(#C),108.4.30,2019-04-30,01_行政單位/04_學生事務處/輔英科技大學學生轉銜輔導及服務要點_law04077.pdf,law04077.pdf,https://ese.fy.edu.tw/var/file/57/1057/img/125/law04077.pdf,,已存在
輔英科技大學教育部專任專業輔導人力計畫人員考核及獎勵實施要點,學務處,學務法規(#C),113.9.12,2024-09-12,01_行政單位/04_學生事務處/輔英科技大學教育部專任專業輔導人力計畫人員考核及獎勵實施要點_law04088.pdf,law04088.pdf,https://ese.fy.edu.tw/var/file/57/1057/img/125/law04088.pdf,,已存在
輔英科技大學學生團體保險作業要點,學務處,學務法規(#C),109.1.9,2020-01-09,01_行政單位/04_學生事務處/輔英科技大學學生團體保險作業要點_law04016.pdf,law04016.pdf,https://ese.fy.edu.tw/var/file/57/1057/img/125/law04016.pdf,,已存在
輔英科技大學校園傳染病防治應變要點,學務處,學務法規(#C),111.7.20,2022-07-20,01_行政單位/04_學生事務處/輔英科技大學校園傳染病防治應變要點_law04061.pdf,law04061.pdf,https://ese.fy.edu.tw/var/file/57/1057/img/125/law04061.pdf,,已存在
輔英科技大學急救訓練教具使用管理要點,學務處,學務法規(#C),107.12.5,2018-12-05,01_行政單位/04_學生事務處/輔英科技大學急救訓練教具使用管理要點_law04066.pdf,law04066.pdf,https://ese.fy.edu.tw/var/file/57/1057/img/125/law04066.pdf,,已存在
輔英科技大學衛生種子教師聘任實施要點,學務處,學務法規(#C),107.6.28,2018-06-28,01_行政單位/04_學生事務處/輔英科技大學衛生種子教師聘任實施要點_law04072.pdf,law04072.pdf,https://ese.fy.edu.tw/var/file/57/1057/img/125/law04072.pdf,,已存在
輔英科技大學學校衛生委員會設置辦法,學務處,學務法規(#C),106.6.21,2017-06-21,01_行政單位/04_學生事務處/輔英科技大學學校衛生委員會設置辦法_law01046.pdf,law01046.pdf,https://ese.fy.edu.tw/var/file/57/1057/img/125/law01046.pdf,,已存在
輔英科技大學校園結核病傳染防治與管理作業要點,學務處,學務法規(#C),109.6.11,2020-06-11,01_行政單位/04_學生事務處/輔英科技大學校園結核病傳染防治與管理作業要點_law04084.pdf,law04084.pdf,https://ese.fy.edu.tw/var/file/57/1057/img/125/law04084.pdf,,已存在
輔英科技大學游泳池管理要點,體育暨健康促進中心,體育法規(#P),111.9.6,2022-09-06,01_行政單位/13_健康與體育發展處/輔英科技大學游泳池管理要點_law04033.pdf,law04033.pdf,https://ese.fy.edu.tw/var/file/57/1057/img/125/law04033.pdf,,已存在
輔英科技大學運動場地管理及借用要點(原：運動場地管理使用要點),體育暨健康促進中心,體育法規(#P),113.12.11,2024-12-11,01_行政單位/13_健康與體育發展處/輔英科技大學運動場地管理及借用要點(原：運動場地管理使用要點)_law04034.pdf,law04034.pdf,https://ese.fy.edu.tw/var/file/57/1057/img/125/law04034.pdf,,已存在
輔英科技大學體育館使用要點,體育暨健康促進中心,體育法規(#P),111.9.6,2022-09-06,01_行政單位/13_健康與體育發展處/輔英科技大學體育館使用要點_law04035.pdf,law04035.pdf,https://ese.fy.edu.tw/var/file/57/1057/img/125/law04035.pdf,,已存在
輔英科技大學田徑場使用要點,體育暨健康促進中心,體育法規(#P),111.9.6,2022-09-06,01_行政單位/13_健康與體育發展處/輔英科技大學田徑場使用要點_law04036.pdf,law04036.pdf,https://ese.fy.edu.tw/var/file/57/1057/img/125/law04036.pdf,,已存在
輔英科技大學運動代表隊組訓及管理要點,體育暨健康促進中心,體育法規(#P),110.2.3,2021-02-03,01_行政單位/13_健康與體育發展處/輔英科技大學運動代表隊組訓及管理要點_law04047.pdf,law04047.pdf,https://ese.fy.edu.tw/var/file/57/1057/img/125/law04047.pdf,,已存在
輔英科技大學運動器材借用要點,體育暨健康促進中心,體育法規(#P),111.9.6,2022-09-06,01_行政單位/13_健康與體育發展處/輔英科技大學運動器材借用要點_law04048.pdf,law04048.pdf,https://ese.fy.edu.tw/var/file/57/1057/img/125/law04048.pdf,,已存在
輔英科技大學學生參與體育競賽獎勵要點,體育暨健康促進中心,體育法規(#P),108.9.25,2019-09-25,01_行政單位/13_健康與體育發展處/輔英科技大學學生參與體育競賽獎勵要點_law04060.pdf,law04060.pdf,https://ese.fy.edu.tw/var/file/57/1057/img/125/law04060.pdf,,已存在
輔英科技大學適應體育班實施要點,體育暨健康促進中心,體育法規(#P),113.2.2,2024-02-02,01_行政單位/13_健康與體育發展處/輔英科技大學適應體育班實施要點_law04091.pdf,law04091.pdf,https://ese.fy.edu.tw/var/file/57/1057/img/125/law04091.pdf,,已存在
輔英科技大學校隊指導老師聘任實施要點,體育暨健康促進中心,體育法規(#P),113.4.26,2024-04-26,01_行政單位/13_健康與體育發展處/輔英科技大學校隊指導老師聘任實施要點_law_04095.pdf,law_04095.pdf,https://ese.fy.edu.tw/var/file/57/1057/img/125/law_04095.pdf,,已存在
輔英科技大學校區汽機車及自行車管理要點,總務處,總務及環安衛法規(#D),115.5.13,2026-05-13,01_行政單位/05_總務處/輔英科技大學校區汽機車及自行車管理要點_law05001.pdf,law05001.pdf,https://ese.fy.edu.tw/var/file/57/1057/img/125/law05001.pdf,,已存在
輔英科技大學總務會議設置要點,總務處,總務及環安衛法規(#D),105.9.30,2016-09-30,01_行政單位/05_總務處/輔英科技大學總務會議設置要點_law05003.pdf,law05003.pdf,https://ese.fy.edu.tw/var/file/57/1057/img/125/law05003.pdf,,已存在
輔英科技大學執行政府獎勵補助經費採購辦法,總務處,總務及環安衛法規(#D),115.7.8,2026-07-08,01_行政單位/05_總務處/輔英科技大學執行政府獎勵補助經費採購辦法_law05004.pdf,law05004.pdf,https://ese.fy.edu.tw/var/file/57/1057/img/125/law05004.pdf,,已存在
輔英科技大學承攬商環境安全衛生管理規則,環境安全衛生中心,總務及環安衛法規(#D),112.11.29,2023-11-29,01_行政單位/12_環境安全衛生中心/輔英科技大學承攬商環境安全衛生管理規則_law05005.pdf,law05005.pdf,https://ese.fy.edu.tw/var/file/57/1057/img/125/law05005.pdf,,已存在
輔英科技大學科學技術研究發展採購作業要點,總務處,總務及環安衛法規(#D),105.5.12,2016-05-12,01_行政單位/05_總務處/輔英科技大學科學技術研究發展採購作業要點_law05006.pdf,law05006.pdf,https://ese.fy.edu.tw/var/file/57/1057/img/125/law05006.pdf,,已存在
輔英科技大學節約能源管理要點,總務處,總務及環安衛法規(#D),115.6.3,2026-06-03,01_行政單位/05_總務處/輔英科技大學節約能源管理要點_law05009.pdf,law05009.pdf,https://ese.fy.edu.tw/var/file/57/1057/img/125/law05009.pdf,,已存在
輔英科技大學請購採購作業要點,總務處,總務及環安衛法規(#D),115.5.13,2026-05-13,01_行政單位/05_總務處/輔英科技大學請購採購作業要點_law05010.pdf,law05010.pdf,https://ese.fy.edu.tw/var/file/57/1057/img/125/law05010.pdf,,已存在
輔英科技大學場地管理要點,總務處,總務及環安衛法規(#D),115.2.25,2026-02-25,01_行政單位/05_總務處/輔英科技大學場地管理要點_law05012.pdf,law05012.pdf,https://ese.fy.edu.tw/var/file/57/1057/img/125/law05012.pdf,,已存在
輔英科技大學專任教師聘任待遇服務規則,人事室,總務及環安衛法規(#D),112.1.11,2023-01-11,01_行政單位/09_人事室/輔英科技大學專任教師聘任待遇服務規則_law06001.pdf,law06001.pdf,https://ese.fy.edu.tw/var/file/57/1057/img/125/law06001.pdf,,已存在
輔英科技大學兼任教師聘任待遇服務規則,人事室,總務及環安衛法規(#D),114.6.18,2025-06-18,01_行政單位/09_人事室/輔英科技大學兼任教師聘任待遇服務規則_law06002.pdf,law06002.pdf,https://ese.fy.edu.tw/var/file/57/1057/img/125/law06002.pdf,,已存在
輔英科技大學教師資格審查及升等審查辦法,人事室,總務及環安衛法規(#D),115.8.25,2026-08-25,01_行政單位/09_人事室/輔英科技大學教師資格審查及升等審查辦法_law06003.pdf,law06003.pdf,https://ese.fy.edu.tw/var/file/57/1057/img/125/law06003.pdf,,已存在
輔英科技大學專任教師進修要點,人事室,總務及環安衛法規(#D),115.6.11,2026-06-11,01_行政單位/09_人事室/輔英科技大學專任教師進修要點_law06004.pdf,law06004.pdf,https://ese.fy.edu.tw/var/file/57/1057/img/125/law06004.pdf,,已存在
輔英科技大學選派專任教師進修獎助要點(原：選派專任教師進修獎勵要點),人事室,總務及環安衛法規(#D),114.7.15,2025-07-15,01_行政單位/09_人事室/輔英科技大學選派專任教師進修獎助要點(原：選派專任教師進修獎勵要點)_law06005.pdf,law06005.pdf,https://ese.fy.edu.tw/var/file/57/1057/img/125/law06005.pdf,,已存在
輔英科技大學教師年功俸審查辦法,人事室,總務及環安衛法規(#D),113.1.10,2024-01-10,01_行政單位/09_人事室/輔英科技大學教師年功俸審查辦法_law06006.pdf,law06006.pdf,https://ese.fy.edu.tw/var/file/57/1057/img/125/law06006.pdf,,已存在
輔英科技大學專任教師上班要點,人事室,總務及環安衛法規(#D),97.12.31,2008-12-31,01_行政單位/09_人事室/輔英科技大學專任教師上班要點_law06007.pdf,law06007.pdf,https://ese.fy.edu.tw/var/file/57/1057/img/125/law06007.pdf,,已存在
輔英科技大學教職員工敘薪辦法,人事室,總務及環安衛法規(#D),108.8.20,2019-08-20,01_行政單位/09_人事室/輔英科技大學教職員工敘薪辦法_law06008.pdf,law06008.pdf,https://ese.fy.edu.tw/var/file/57/1057/img/125/law06008.pdf,,已存在
輔英科技大學教職員工請假、休假辦法(原：教職員請假、休假辦法),人事室,總務及環安衛法規(#D),115.1.14,2026-01-14,01_行政單位/09_人事室/輔英科技大學教職員工請假、休假辦法(原：教職員請假、休假辦法)_law06009.pdf,law06009.pdf,https://ese.fy.edu.tw/var/file/57/1057/img/125/law06009.pdf,,已存在
輔英科技大學教職員工出差旅費報支要點,人事室,總務及環安衛法規(#D),114.12.31,2025-12-31,01_行政單位/09_人事室/輔英科技大學教職員工出差旅費報支要點_law06010.pdf,law06010.pdf,https://ese.fy.edu.tw/var/file/57/1057/img/125/law06010.pdf,,已存在
輔英科技大學教職員工考核辦法,人事室,總務及環安衛法規(#D),114.1.15,2025-01-15,01_行政單位/09_人事室/輔英科技大學教職員工考核辦法_law06011.pdf,law06011.pdf,https://ese.fy.edu.tw/var/file/57/1057/img/125/law06011.pdf,,已存在
輔英科技大學教職員工留職停薪要點,人事室,總務及環安衛法規(#D),112.5.10,2023-05-10,01_行政單位/09_人事室/輔英科技大學教職員工留職停薪要點_law06012.pdf,law06012.pdf,https://ese.fy.edu.tw/var/file/57/1057/img/125/law06012.pdf,,已存在
輔英科技大學教職員工退休退職撫卹資遣辦法(99年1月1日起私校退撫離職資遣條例實施前適用),人事室,總務及環安衛法規(#D),98.1.16,2009-01-16,01_行政單位/09_人事室/輔英科技大學教職員工退休退職撫卹資遣辦法(99年1月1日起私校退撫離職資遣條例實施前適用)_law06013.pdf,law06013.pdf,https://ese.fy.edu.tw/var/file/57/1057/img/125/law06013.pdf,,已存在
輔英科技大學教職員工福利補助要點,人事室,總務及環安衛法規(#D),115.6.3,2026-06-03,01_行政單位/09_人事室/輔英科技大學教職員工福利補助要點_law06014.pdf,law06014.pdf,https://ese.fy.edu.tw/var/file/57/1057/img/125/law06014.pdf,,已存在
輔英科技大學教職員工福利互助辦法,人事室,總務及環安衛法規(#D),112.10.2,2023-10-02,01_行政單位/09_人事室/輔英科技大學教職員工福利互助辦法_law06015.pdf,law06015.pdf,https://ese.fy.edu.tw/var/file/57/1057/img/125/law06015.pdf,,已存在
輔英科技大學職員工任用待遇服務規則,人事室,總務及環安衛法規(#D),106.10.2,2017-10-02,01_行政單位/09_人事室/輔英科技大學職員工任用待遇服務規則_law06016.pdf,law06016.pdf,https://ese.fy.edu.tw/var/file/57/1057/img/125/law06016.pdf,,已存在
輔英科技大學職員工獎勵要點,人事室,總務及環安衛法規(#D),113.11.13,2024-11-13,01_行政單位/09_人事室/輔英科技大學職員工獎勵要點_law06017.pdf,law06017.pdf,https://ese.fy.edu.tw/var/file/57/1057/img/125/law06017.pdf,,已存在
輔英科技大學職員工進修要點,人事室,總務及環安衛法規(#D),114.4.30,2025-04-30,01_行政單位/09_人事室/輔英科技大學職員工進修要點_law06018.pdf,law06018.pdf,https://ese.fy.edu.tw/var/file/57/1057/img/125/law06018.pdf,,已存在
輔英科技大學職員工加班費報支要點,人事室,總務及環安衛法規(#D),114.9.3,2025-09-03,01_行政單位/09_人事室/輔英科技大學職員工加班費報支要點_law06019.pdf,law06019.pdf,https://ese.fy.edu.tw/var/file/57/1057/img/125/law06019.pdf,,已存在
輔英科技大學專任教師校外兼課要點,人事室,總務及環安衛法規(#D),106.4.12,2017-04-12,01_行政單位/09_人事室/輔英科技大學專任教師校外兼課要點_law06020.pdf,law06020.pdf,https://ese.fy.edu.tw/var/file/57/1057/img/125/law06020.pdf,,已存在
輔英科技大學聘任專業技術人員擔任教學要點,人事室,總務及環安衛法規(#D),97.12.31,2008-12-31,01_行政單位/09_人事室/輔英科技大學聘任專業技術人員擔任教學要點_law06021.pdf,law06021.pdf,https://ese.fy.edu.tw/var/file/57/1057/img/125/law06021.pdf,,已存在
輔英科技大學教師合聘要點,人事室,總務及環安衛法規(#D),102.12.5,2013-12-05,01_行政單位/09_人事室/輔英科技大學教師合聘要點_law06022.pdf,law06022.pdf,https://ese.fy.edu.tw/var/file/57/1057/img/125/law06022.pdf,,已存在
輔英科技大學職員工研習經費支用要點,人事室,總務及環安衛法規(#D),103.10.1,2014-10-01,01_行政單位/09_人事室/輔英科技大學職員工研習經費支用要點_law06023.pdf,law06023.pdf,https://ese.fy.edu.tw/var/file/57/1057/img/125/law06023.pdf,,已存在
輔英科技大學專任教師評鑑辦法,人事室,總務及環安衛法規(#D),114.10.22,2025-10-22,01_行政單位/09_人事室/輔英科技大學專任教師評鑑辦法_law06024.pdf,law06024.pdf,https://ese.fy.edu.tw/var/file/57/1057/img/125/law06024.pdf,,已存在
輔英科技大學專任教師職責準則(原：專任教師職責規定),人事室,總務及環安衛法規(#D),105.6.22,2016-06-22,01_行政單位/09_人事室/輔英科技大學專任教師職責準則(原：專任教師職責規定)_law06025.pdf,law06025.pdf,https://ese.fy.edu.tw/var/file/57/1057/img/125/law06025.pdf,,已存在
輔英科技大學教師在職進修學位補助要點,人事室,總務及環安衛法規(#D),115.6.11,2026-06-11,01_行政單位/09_人事室/輔英科技大學教師在職進修學位補助要點_law06026.pdf,law06026.pdf,https://ese.fy.edu.tw/var/file/57/1057/img/125/law06026.pdf,,已存在
輔英科技大學專案教師聘任規則(原：專案教師進用規則),人事室,總務及環安衛法規(#D),112.1.11,2023-01-11,01_行政單位/09_人事室/輔英科技大學專案教師聘任規則(原：專案教師進用規則)_law06027.pdf,law06027.pdf,https://ese.fy.edu.tw/var/file/57/1057/img/125/law06027.pdf,,已存在
輔英科技大學校教師評審委員會選任委員選舉要點,人事室,總務及環安衛法規(#D),111.11.3,2022-11-03,01_行政單位/09_人事室/輔英科技大學校教師評審委員會選任委員選舉要點_law06028.pdf,law06028.pdf,https://ese.fy.edu.tw/var/file/57/1057/img/125/law06028.pdf,,已存在
輔英科技大學研究人員聘任辦法,人事室,總務及環安衛法規(#D),98.1.16,2009-01-16,01_行政單位/09_人事室/輔英科技大學研究人員聘任辦法_law06029.pdf,law06029.pdf,https://ese.fy.edu.tw/var/file/57/1057/img/125/law06029.pdf,,已存在
輔英科技大學教師評鑑委員會設置辦法,人事室,總務及環安衛法規(#D),115.1.14,2026-01-14,01_行政單位/09_人事室/輔英科技大學教師評鑑委員會設置辦法_law06033.pdf,law06033.pdf,https://ese.fy.edu.tw/var/file/57/1057/img/125/law06033.pdf,,已存在
輔英科技大學協同教學業界專家遴聘要點(原：合作教學業界專家遴聘要點),人事室,總務及環安衛法規(#D),106.2.22,2017-02-22,01_行政單位/09_人事室/輔英科技大學協同教學業界專家遴聘要點(原：合作教學業界專家遴聘要點)_law06034.pdf,law06034.pdf,https://ese.fy.edu.tw/var/file/57/1057/img/125/law06034.pdf,,已存在
輔英科技大學附設機構合聘專任教師管理規則(原：附設機構合聘教師管理規則),人事室,總務及環安衛法規(#D),114.1.15,2025-01-15,01_行政單位/09_人事室/輔英科技大學附設機構合聘專任教師管理規則(原：附設機構合聘教師管理規則)_law06035.pdf,law06035.pdf,https://ese.fy.edu.tw/var/file/57/1057/img/125/law06035.pdf,,已存在
輔英科技大學特殊優秀人才彈性薪資實施辦法,人事室,總務及環安衛法規(#D),113.11.13,2024-11-13,01_行政單位/09_人事室/輔英科技大學特殊優秀人才彈性薪資實施辦法_law06037.pdf,law06037.pdf,https://ese.fy.edu.tw/var/file/57/1057/img/125/law06037.pdf,,已存在
財團法人輔英科技大學勞工退休準備金監督委員會設置要點,人事室,總務及環安衛法規(#D),106.2.22,2017-02-22,01_行政單位/09_人事室/財團法人輔英科技大學勞工退休準備金監督委員會設置要點_law06038.pdf,law06038.pdf,https://ese.fy.edu.tw/var/file/57/1057/img/125/law06038.pdf,,已存在
輔英科技大學專任教師校外兼職辦法(原：專任教師校外兼職處理要點),人事室,總務及環安衛法規(#D),104.1.21,2015-01-21,01_行政單位/09_人事室/輔英科技大學專任教師校外兼職辦法(原：專任教師校外兼職處理要點)_law08206.pdf,law08206.pdf,https://ese.fy.edu.tw/var/file/57/1057/img/125/law08206.pdf,,已存在
輔英科技大學教師違反教師倫理案件處理辦法(原：教師違反送審教師資格規定及學術倫理案件處理辦法),人事室,總務及環安衛法規(#D),114.6.18,2025-06-18,01_行政單位/09_人事室/輔英科技大學教師違反教師倫理案件處理辦法(原：教師違反送審教師資格規定及學術倫理案件處理辦法)_law06040.pdf,law06040.pdf,https://ese.fy.edu.tw/var/file/57/1057/img/125/law06040.pdf,,已存在
輔英科技大學榮譽教授敦聘辦法,人事室,總務及環安衛法規(#D),101.6.25,2012-06-25,01_行政單位/09_人事室/輔英科技大學榮譽教授敦聘辦法_law06042.pdf,law06042.pdf,https://ese.fy.edu.tw/var/file/57/1057/img/125/law06042.pdf,,已存在
輔英科技大學專任教授休假研究辦法,人事室,總務及環安衛法規(#D),104.12.11,2015-12-11,01_行政單位/09_人事室/輔英科技大學專任教授休假研究辦法_law06043.pdf,law06043.pdf,https://ese.fy.edu.tw/var/file/57/1057/img/125/law06043.pdf,,已存在
輔英科技大學實習機構教師聘任要點,人事室,總務及環安衛法規(#D),102.1.2,2013-01-02,01_行政單位/09_人事室/輔英科技大學實習機構教師聘任要點_law06044.pdf,law06044.pdf,https://ese.fy.edu.tw/var/file/57/1057/img/125/law06044.pdf,,已存在
輔英科技大學校長選聘及解聘辦法,董事會,總務及環安衛法規(#D),110.10.29,2021-10-29,01_行政單位/01_董事會/輔英科技大學校長選聘及解聘辦法_law04059.pdf,law04059.pdf,https://ese.fy.edu.tw/var/file/57/1057/img/125/law04059.pdf,,已存在
輔英科技大學教職員工工作場所性騷擾防治措施、申訴及懲戒辦法(原：輔英科技大學教職員工性侵害、性騷擾及性霸凌防治措施、申訴及懲戒辦法),人事室,總務及環安衛法規(#D),114.10.22,2025-10-22,01_行政單位/09_人事室/輔英科技大學教職員工工作場所性騷擾防治措施、申訴及懲戒辦法(原：輔英科技大學教職員工性侵害、性騷擾及性霸凌防治措施、申訴及懲戒辦法)_law06045.pdf,law06045.pdf,https://ese.fy.edu.tw/var/file/57/1057/img/125/law06045.pdf,,已存在
輔英科技大學專任教師輔導安置辦法,人事室,總務及環安衛法規(#D),105.10.5,2016-10-05,01_行政單位/09_人事室/輔英科技大學專任教師輔導安置辦法_law06046.pdf,law06046.pdf,https://ese.fy.edu.tw/var/file/57/1057/img/125/law06046.pdf,,已存在
輔英科技大學約用助理人員進用及管理作業要點,人事室,總務及環安衛法規(#D),115.3.18,2026-03-18,01_行政單位/09_人事室/輔英科技大學約用助理人員進用及管理作業要點_law06049.pdf,law06049.pdf,https://ese.fy.edu.tw/var/file/57/1057/img/125/law06049.pdf,,已存在
輔英科技大學學生兼任助理學習與勞動權益保障處理要點,人事室,總務及環安衛法規(#D),107.12.26,2018-12-26,01_行政單位/09_人事室/輔英科技大學學生兼任助理學習與勞動權益保障處理要點_law06050.pdf,law06050.pdf,https://ese.fy.edu.tw/var/file/57/1057/img/125/law06050.pdf,,已存在
輔英科技大學進用身心障礙者及原住民族籍人員作業要點,人事室,總務及環安衛法規(#D),105.9.30,2016-09-30,01_行政單位/09_人事室/輔英科技大學進用身心障礙者及原住民族籍人員作業要點_law06051.pdf,law06051.pdf,https://ese.fy.edu.tw/var/file/57/1057/img/125/law06051.pdf,,已存在
輔英科技大學登革熱防治獎懲要點,人事室,總務及環安衛法規(#D),104.11.4,2015-11-04,01_行政單位/09_人事室/輔英科技大學登革熱防治獎懲要點_law06053.pdf,law06053.pdf,https://ese.fy.edu.tw/var/file/57/1057/img/125/law06053.pdf,,已存在
輔英科技大學增額提撥金辦法,人事室,總務及環安衛法規(#D),104.10.14,2015-10-14,01_行政單位/09_人事室/輔英科技大學增額提撥金辦法_law06054.pdf,law06054.pdf,https://ese.fy.edu.tw/var/file/57/1057/img/125/law06054.pdf,,已存在
輔英科技大學增額提撥金實施細則,人事室,總務及環安衛法規(#D),112.9.6,2023-09-06,01_行政單位/09_人事室/輔英科技大學增額提撥金實施細則_law06048.pdf,law06048.pdf,https://ese.fy.edu.tw/var/file/57/1057/img/125/law06048.pdf,,已存在
輔英科技大學推廣教育教師聘任要點,推廣教育中心,總務及環安衛法規(#D)；推廣教育法規(#R),106.5.10,2017-05-10,01_行政單位/14_推廣教育中心/輔英科技大學推廣教育教師聘任要點_law06036.pdf,law06036.pdf,https://ese.fy.edu.tw/var/file/57/1057/img/125/law06036.pdf,,已存在
輔英科技大學名譽校長頒贈辦法,秘書室,總務及環安衛法規(#D),104.10.25,2015-10-25,01_行政單位/02_校長室與秘書處/輔英科技大學名譽校長頒贈辦法_law06052.pdf,law06052.pdf,https://ese.fy.edu.tw/var/file/57/1057/img/125/law06052.pdf,,已存在
輔英科技大學教職員工敘薪實施辦法(原：教職員敘薪施行要點),人事室,總務及環安衛法規(#D),108.6.19,2019-06-19,01_行政單位/09_人事室/輔英科技大學教職員工敘薪實施辦法(原：教職員敘薪施行要點)_law06056.pdf,law06056.pdf,https://ese.fy.edu.tw/var/file/57/1057/img/125/law06056.pdf,,已存在
輔英科技大學適用勞動基準法人員勞資會議設置要點,人事室,總務及環安衛法規(#D),105.6.8,2016-06-08,01_行政單位/09_人事室/輔英科技大學適用勞動基準法人員勞資會議設置要點_law06057.pdf,law06057.pdf,https://ese.fy.edu.tw/var/file/57/1057/img/125/law06057.pdf,,已存在
輔英科技大學專任教師擔任專門教師申請考核辦法,人事室,總務及環安衛法規(#D),105.6.22,2016-06-22,01_行政單位/09_人事室/輔英科技大學專任教師擔任專門教師申請考核辦法_law06058.pdf,law06058.pdf,https://ese.fy.edu.tw/var/file/57/1057/img/125/law06058.pdf,,已存在
輔英科技大學專業科目或技術科目教師業界實務工作經驗審查細則,人事室,總務及環安衛法規(#D),105.6.22,2016-06-22,01_行政單位/09_人事室/輔英科技大學專業科目或技術科目教師業界實務工作經驗審查細則_law06059.pdf,law06059.pdf,https://ese.fy.edu.tw/var/file/57/1057/img/125/law06059.pdf,,已存在
輔英科技大學教師倫理守則,人事室,總務及環安衛法規(#D),106.1.11,2017-01-11,01_行政單位/09_人事室/輔英科技大學教師倫理守則_law06060.pdf,law06060.pdf,https://ese.fy.edu.tw/var/file/57/1057/img/125/law06060.pdf,,已存在
輔英科技大學優良教師獎勵辦法,人事室,總務及環安衛法規(#D),110.6.16,2021-06-16,01_行政單位/09_人事室/輔英科技大學優良教師獎勵辦法_law03011.pdf,law03011.pdf,https://ese.fy.edu.tw/var/file/57/1057/img/125/law03011.pdf,,已存在
輔英科技大學『教學類.研究類.輔導類.服務類-各類優良教師評核標準』,人事室,總務及環安衛法規(#D),113.7.9,2024-07-09,01_行政單位/09_人事室/輔英科技大學『教學類.研究類.輔導類.服務類-各類優良教師評核標準』_law03011_05_1130709.pdf,law03011_05_1130709.pdf,https://ese.fy.edu.tw/var/file/57/1057/img/125/law03011_05_1130709.pdf,,已存在
輔英科技大學適用勞動基準法人員工作規則,人事室,總務及環安衛法規(#D),108.4.15,2019-04-15,01_行政單位/09_人事室/輔英科技大學適用勞動基準法人員工作規則_law06061.pdf,law06061.pdf,https://ese.fy.edu.tw/var/file/57/1057/img/125/law06061.pdf,,已存在
輔英科技大學特聘教授聘任辦法,人事室,總務及環安衛法規(#D),114.1.15,2025-01-15,01_行政單位/09_人事室/輔英科技大學特聘教授聘任辦法_law06062.pdf,law06062.pdf,https://ese.fy.edu.tw/var/file/57/1057/img/125/law06062.pdf,,已存在
輔英科技大學教職員工年終獎金核發辦法,人事室,總務及環安衛法規(#D),113.10.30,2024-10-30,01_行政單位/09_人事室/輔英科技大學教職員工年終獎金核發辦法_law06063.pdf,law06063.pdf,https://ese.fy.edu.tw/var/file/57/1057/img/125/law06063.pdf,,已存在
輔英科技大學顧問聘任要點,人事室,總務及環安衛法規(#D),110.1.6,2021-01-06,01_行政單位/09_人事室/輔英科技大學顧問聘任要點_law06065.pdf,law06065.pdf,https://ese.fy.edu.tw/var/file/57/1057/img/125/law06065.pdf,,已存在
輔英科技大學教師借調處理辦法,人事室,總務及環安衛法規(#D),111.6.15,2022-06-15,01_行政單位/09_人事室/輔英科技大學教師借調處理辦法_law06066.pdf,law06066.pdf,https://ese.fy.edu.tw/var/file/57/1057/img/125/law06066.pdf,,已存在
輔英科技大學教師資格審查認可作業推動小組設置要點,人事室,總務及環安衛法規(#D),113.11.13,2024-11-13,01_行政單位/09_人事室/輔英科技大學教師資格審查認可作業推動小組設置要點_law06067.pdf,law06067.pdf,https://ese.fy.edu.tw/var/file/57/1057/img/125/law06067.pdf,,已存在
輔英科技大學經費動支、支出憑證核銷及請款作業要點,會計室,會計法規(#F),115.2.25,2026-02-25,01_行政單位/10_會計室/輔英科技大學經費動支、支出憑證核銷及請款作業要點_law07001.pdf,law07001.pdf,https://ese.fy.edu.tw/var/file/57/1057/img/125/law07001.pdf,,已存在
輔英科技大學膳食費報支要點(原：誤餐費及膳食費報支要點),會計室,會計法規(#F),112.4.12,2023-04-12,01_行政單位/10_會計室/輔英科技大學膳食費報支要點(原：誤餐費及膳食費報支要點)_law07002.pdf,law07002.pdf,https://ese.fy.edu.tw/var/file/57/1057/img/125/law07002.pdf,,已存在
輔英科技大學預付款項請撥與核銷作業要點,會計室,會計法規(#F),111.10.5,2022-10-05,01_行政單位/10_會計室/輔英科技大學預付款項請撥與核銷作業要點_law07003.pdf,law07003.pdf,https://ese.fy.edu.tw/var/file/57/1057/img/125/law07003.pdf,,已存在
輔英科技大學執行計畫彈性支用額度作業要點,會計室,會計法規(#F),111.10.5,2022-10-05,01_行政單位/10_會計室/輔英科技大學執行計畫彈性支用額度作業要點_law07004.pdf,law07004.pdf,https://ese.fy.edu.tw/var/file/57/1057/img/125/law07004.pdf,,已存在
輔英科技大學研究發展會議設置要點,研究暨產學發展處,研究暨產學發展法規(#G),109.11.11,2020-11-11,01_行政單位/06_研發與永續發展處/輔英科技大學研究發展會議設置要點_law08101.pdf,law08101.pdf,https://ese.fy.edu.tw/var/file/57/1057/img/125/law08101.pdf,,已存在
輔英科技大學教師學術及專業研發成果獎勵要點(原：教師學術成果獎勵要點),研究暨產學發展處,研究暨產學發展法規(#G),108.10.31,2019-10-31,01_行政單位/06_研發與永續發展處/輔英科技大學教師學術及專業研發成果獎勵要點(原：教師學術成果獎勵要點)_law08102.pdf,law08102.pdf,https://ese.fy.edu.tw/var/file/57/1057/img/125/law08102.pdf,,已存在
輔英科技大學補助教師發展特色研發計畫要點(原：補助教師執行專題研究計畫要點),研究暨產學發展處,研究暨產學發展法規(#G),113.7.9,2024-07-09,01_行政單位/06_研發與永續發展處/輔英科技大學補助教師發展特色研發計畫要點(原：補助教師執行專題研究計畫要點)_law08104.pdf,law08104.pdf,https://ese.fy.edu.tw/var/file/57/1057/img/125/law08104.pdf,,已存在
輔英科技大學專任教師爭取參與校外研究、教學計畫獎勵要點(原：鼓勵教師爭取校外研究計畫獎勵要點),研究暨產學發展處,研究暨產學發展法規(#G),113.12.25,2024-12-25,01_行政單位/06_研發與永續發展處/輔英科技大學專任教師爭取參與校外研究、教學計畫獎勵要點(原：鼓勵教師爭取校外研究計畫獎勵要點)_law08105.pdf,law08105.pdf,https://ese.fy.edu.tw/var/file/57/1057/img/125/law08105.pdf,,已存在
輔英科技大學研究人員評鑑要點,研究暨產學發展處,研究暨產學發展法規(#G),98.4.8,2009-04-08,01_行政單位/06_研發與永續發展處/輔英科技大學研究人員評鑑要點_law08108.pdf,law08108.pdf,https://ese.fy.edu.tw/var/file/57/1057/img/125/law08108.pdf,,已存在
輔英科技大學研究人員評鑑要點(研究人員評鑑要點附件),研究暨產學發展處,研究暨產學發展法規(#G),,,01_行政單位/06_研發與永續發展處/輔英科技大學研究人員評鑑要點(研究人員評鑑要點附件)_law08108att.pdf,law08108att.pdf,https://ese.fy.edu.tw/var/file/57/1057/img/125/law08108att.pdf,,已存在
輔英科技大學獎勵學術單位執行產學及研究計畫要點,研究暨產學發展處,研究暨產學發展法規(#G),115.6.3,2026-06-03,01_行政單位/06_研發與永續發展處/輔英科技大學獎勵學術單位執行產學及研究計畫要點_law08110.pdf,law08110.pdf,https://ese.fy.edu.tw/var/file/57/1057/img/125/law08110.pdf,,已存在
輔英科技大學執行國家科學及技術委員會補助大專校院研究獎勵實施要點(原：執行科技部獎勵特殊優秀人才實施細則、執行國科會獎勵特殊優秀人才實施細則),研究暨產學發展處,研究暨產學發展法規(#G),114.9.3,2025-09-03,01_行政單位/06_研發與永續發展處/輔英科技大學執行國家科學及技術委員會補助大專校院研究獎勵實施要點(原：執行科技部獎勵特殊優秀人才實施細則、執行國科會獎勵特殊優秀人才實施細則_law08112.pdf,law08112.pdf,https://ese.fy.edu.tw/var/file/57/1057/img/125/law08112.pdf,,已存在
輔英科技大學推動教師研發社群實施要點,研究暨產學發展處,研究暨產學發展法規(#G),111.9.29,2022-09-29,01_行政單位/06_研發與永續發展處/輔英科技大學推動教師研發社群實施要點_law08114.pdf,law08114.pdf,https://ese.fy.edu.tw/var/file/57/1057/img/125/law08114.pdf,,已存在
輔英科技大學學術誠信與研究倫理實施要點(原：輔英科技大學學術研究倫理實施要點),研究暨產學發展處,研究暨產學發展法規(#G),113.4.3,2024-04-03,01_行政單位/06_研發與永續發展處/輔英科技大學學術誠信與研究倫理實施要點(原：輔英科技大學學術研究倫理實施要點)_law08117.pdf,law08117.pdf,https://ese.fy.edu.tw/var/file/57/1057/img/125/law08117.pdf,,已存在
輔英科技大學師生參與專業競賽補助要點(原：師生參與研發競賽補助要點),研究暨產學發展處,研究暨產學發展法規(#G),115.1.7,2026-01-07,01_行政單位/06_研發與永續發展處/輔英科技大學師生參與專業競賽補助要點(原：師生參與研發競賽補助要點)_law08119.pdf,law08119.pdf,https://ese.fy.edu.tw/var/file/57/1057/img/125/law08119.pdf,,已存在
輔英科技大學產學合作實施辦法,研究暨產學發展處,研究暨產學發展法規(#G),113.6.19,2024-06-19,01_行政單位/06_研發與永續發展處/輔英科技大學產學合作實施辦法_law08201.pdf,law08201.pdf,https://ese.fy.edu.tw/var/file/57/1057/img/125/law08201.pdf,,已存在
輔英科技大學產學合作及技術移轉績優教師獎勵要點,研究暨產學發展處,研究暨產學發展法規(#G),106.4.6,2017-04-06,01_行政單位/06_研發與永續發展處/輔英科技大學產學合作及技術移轉績優教師獎勵要點_law08208.pdf,law08208.pdf,https://ese.fy.edu.tw/var/file/57/1057/img/125/law08208.pdf,,已存在
輔英科技大學專任教師兼職收取學術回饋金要點,研究暨產學發展處,研究暨產學發展法規(#G),105.9.30,2016-09-30,01_行政單位/06_研發與永續發展處/輔英科技大學專任教師兼職收取學術回饋金要點_law08207.pdf,law08207.pdf,https://ese.fy.edu.tw/var/file/57/1057/img/125/law08207.pdf,,已存在
輔英科技大學產官學合作備忘錄簽訂作業要點,研究暨產學發展處,研究暨產學發展法規(#G),108.11.27,2019-11-27,01_行政單位/06_研發與永續發展處/輔英科技大學產官學合作備忘錄簽訂作業要點_law08121.pdf,law08121.pdf,https://ese.fy.edu.tw/var/file/57/1057/img/125/law08121.pdf,,已存在
輔英科技大學辦理學生專業競賽活動實施要點(原：輔英科技大學辦理專業競賽活動實施要點),研究暨產學發展處,研究暨產學發展法規(#G),114.11.10,2025-11-10,01_行政單位/06_研發與永續發展處/輔英科技大學辦理學生專業競賽活動實施要點(原：輔英科技大學辦理專業競賽活動實施要點)_Law08122.pdf,Law08122.pdf,https://ese.fy.edu.tw/var/file/57/1057/img/125/Law08122.pdf,,已存在
輔英科技大學執行教育部補助大專校院協助教師轉入產業發展實施要點,研究暨產學發展處,研究暨產學發展法規(#G),105.9.30,2016-09-30,01_行政單位/06_研發與永續發展處/輔英科技大學執行教育部補助大專校院協助教師轉入產業發展實施要點_law08309.pdf,law08309.pdf,https://ese.fy.edu.tw/var/file/57/1057/img/125/law08309.pdf,,已存在
輔英科技大學補助教師先期產學合作計畫施行要點,研究暨產學發展處,研究暨產學發展法規(#G),108.6.13,2019-06-13,01_行政單位/06_研發與永續發展處/輔英科技大學補助教師先期產學合作計畫施行要點_law08209.pdf,law08209.pdf,https://ese.fy.edu.tw/var/file/57/1057/img/125/law08209.pdf,,已存在
輔英科技大學補助教師指導大專學生研究計畫要點,研究暨產學發展處,研究暨產學發展法規(#G),112.4.26,2023-04-26,01_行政單位/06_研發與永續發展處/輔英科技大學補助教師指導大專學生研究計畫要點_law08211.pdf,law08211.pdf,https://ese.fy.edu.tw/var/file/57/1057/img/125/law08211.pdf,,已存在
輔英科技大學共享儀器設備管理要點,老化及疾病預防研究中心,研究暨產學發展法規(#G),105.9.30,2016-09-30,03_研究與中心機構/01_老化及疾病預防研究中心/輔英科技大學共享儀器設備管理要點_law08306.pdf,law08306.pdf,https://ese.fy.edu.tw/var/file/57/1057/img/125/law08306.pdf,,已存在
輔英科技大學共享儀器設備管理委員會設置要點,老化及疾病預防研究中心,研究暨產學發展法規(#G),114.1.2,2025-01-02,03_研究與中心機構/01_老化及疾病預防研究中心/輔英科技大學共享儀器設備管理委員會設置要點_law08307.pdf,law08307.pdf,https://ese.fy.edu.tw/var/file/57/1057/img/125/law08307.pdf,,已存在
輔英科技大學執行共享儀器設備管理實施細則,老化及疾病預防研究中心,研究暨產學發展法規(#G),105.9.30,2016-09-30,03_研究與中心機構/01_老化及疾病預防研究中心/輔英科技大學執行共享儀器設備管理實施細則_law08308.pdf,law08308.pdf,https://ese.fy.edu.tw/var/file/57/1057/img/125/law08308.pdf,,已存在
輔英科技大學校級研究中心設置管理辦法(原：校級研究中心設置管理要點),研究暨產學發展處,研究暨產學發展法規(#G),105.10.5,2016-10-05,01_行政單位/06_研發與永續發展處/輔英科技大學校級研究中心設置管理辦法(原：校級研究中心設置管理要點)_law08310.pdf,law08310.pdf,https://ese.fy.edu.tw/var/file/57/1057/img/125/law08310.pdf,,已存在
輔英科技大學任務導向型研究中心設置要點,研究暨產學發展處,研究暨產學發展法規(#G),106.2.22,2017-02-22,01_行政單位/06_研發與永續發展處/輔英科技大學任務導向型研究中心設置要點_law08311.pdf,law08311.pdf,https://ese.fy.edu.tw/var/file/57/1057/img/125/law08311.pdf,,已存在
輔英科技大學教師進行產業研習或研究實施要點,研究暨產學發展處,研究暨產學發展法規(#G),111.10.21,2022-10-21,01_行政單位/06_研發與永續發展處/輔英科技大學教師進行產業研習或研究實施要點_law08313.pdf,law08313.pdf,https://ese.fy.edu.tw/var/file/57/1057/img/125/law08313.pdf,,已存在
輔英科技大學校園衍生企業管理委員會設置要點,研究暨產學發展處,研究暨產學發展法規(#G),111.10.5,2022-10-05,01_行政單位/06_研發與永續發展處/輔英科技大學校園衍生企業管理委員會設置要點_law08314.pdf,law08314.pdf,https://ese.fy.edu.tw/var/file/57/1057/img/125/law08314.pdf,,已存在
輔英科技大學校園衍生企業申設管理辦法,研究暨產學發展處,研究暨產學發展法規(#G),106.1.11,2017-01-11,01_行政單位/06_研發與永續發展處/輔英科技大學校園衍生企業申設管理辦法_law08315.pdf,law08315.pdf,https://ese.fy.edu.tw/var/file/57/1057/img/125/law08315.pdf,,已存在
輔英科技大學研發成果產品原型製作補助要點,研究暨產學發展處,研究暨產學發展法規(#G),110.7.5,2021-07-05,01_行政單位/06_研發與永續發展處/輔英科技大學研發成果產品原型製作補助要點_law08316.pdf,law08316.pdf,https://ese.fy.edu.tw/var/file/57/1057/img/125/law08316.pdf,,已存在
輔英科技大學鼓勵教師推動創新創業獎補助要點,研究暨產學發展處,研究暨產學發展法規(#G),111.11.7,2022-11-07,01_行政單位/06_研發與永續發展處/輔英科技大學鼓勵教師推動創新創業獎補助要點_law08212.pdf,law08212.pdf,https://ese.fy.edu.tw/var/file/57/1057/img/125/law08212.pdf,,已存在
輔英科技大學校名、商標或標誌授權使用要點,研究暨產學發展處,研究暨產學發展法規(#G),109.11.11,2020-11-11,01_行政單位/06_研發與永續發展處/輔英科技大學校名、商標或標誌授權使用要點_law08213.pdf,law08213.pdf,https://ese.fy.edu.tw/var/file/57/1057/img/125/law08213.pdf,,已存在
輔英科技大學獎助生施行要點(原：學生兼任課程學習型助理施行要點),研究暨產學發展處,研究暨產學發展法規(#G),108.2.20,2019-02-20,01_行政單位/06_研發與永續發展處/輔英科技大學獎助生施行要點(原：學生兼任課程學習型助理施行要點)_law03024.pdf,law03024.pdf,https://ese.fy.edu.tw/var/file/57/1057/img/125/law03024.pdf,,已存在
輔英科技大學學術誠信與研究倫理委員會設置辦法,研究暨產學發展處,研究暨產學發展法規(#G),114.6.18,2025-06-18,01_行政單位/06_研發與永續發展處/輔英科技大學學術誠信與研究倫理委員會設置辦法_law08319.pdf,law08319.pdf,https://ese.fy.edu.tw/var/file/57/1057/img/125/law08319.pdf,,已存在
輔英科技大學實驗動物照護及使用委員會設置要點(原：動物實驗照護及使用委員會設置要點),老化及疾病預防研究中心,研究暨產學發展法規(#G),114.3.19,2025-03-19,03_研究與中心機構/01_老化及疾病預防研究中心/輔英科技大學實驗動物照護及使用委員會設置要點(原：動物實驗照護及使用委員會設置要點)_law08304.pdf,law08304.pdf,https://ese.fy.edu.tw/var/file/57/1057/img/125/law08304.pdf,,已存在
輔英科技大學專利申請與維護作業要點,研究暨產學發展處,研究暨產學發展法規(#G),111.3.11,2022-03-11,01_行政單位/06_研發與永續發展處/輔英科技大學專利申請與維護作業要點_law08202.pdf,law08202.pdf,https://ese.fy.edu.tw/var/file/57/1057/img/125/law08202.pdf,,已存在
輔英科技大學技術移轉作業要點,研究暨產學發展處,研究暨產學發展法規(#G),114.1.2,2025-01-02,01_行政單位/06_研發與永續發展處/輔英科技大學技術移轉作業要點_law08203.pdf,law08203.pdf,https://ese.fy.edu.tw/var/file/57/1057/img/125/law08203.pdf,,已存在
輔英科技大學研發成果管理辦法,研究暨產學發展處,研究暨產學發展法規(#G),113.6.19,2024-06-19,01_行政單位/06_研發與永續發展處/輔英科技大學研發成果管理辦法_law08204.pdf,law08204.pdf,https://ese.fy.edu.tw/var/file/57/1057/img/125/law08204.pdf,,已存在
輔英科技大學創新育成中心培育室使用管理要點,研究暨產學發展處,研究暨產學發展法規(#G),115.6.3,2026-06-03,01_行政單位/06_研發與永續發展處/輔英科技大學創新育成中心培育室使用管理要點_law08214.pdf,law08214.pdf,https://ese.fy.edu.tw/var/file/57/1057/img/125/law08214.pdf,,已存在
輔英科技大學研發成果運用利益衝突迴避及資訊揭露管理要點,研究暨產學發展處,研究暨產學發展法規(#G),111.10.5,2022-10-05,01_行政單位/06_研發與永續發展處/輔英科技大學研發成果運用利益衝突迴避及資訊揭露管理要點_law08215.pdf,law08215.pdf,https://ese.fy.edu.tw/var/file/57/1057/img/125/law08215.pdf,,已存在
輔英科技大學學生專利獎勵要點,研究暨產學發展處,研究暨產學發展法規(#G),114.11.10,2025-11-10,01_行政單位/06_研發與永續發展處/輔英科技大學學生專利獎勵要點_law08216.pdf,law08216.pdf,https://ese.fy.edu.tw/var/file/57/1057/img/125/law08216.pdf,,已存在
輔英科技大學國際發展委員會設置要點,國際暨兩岸事務處,國際暨兩岸事務法規(#H),105.9.30,2016-09-30,01_行政單位/08_國際暨兩岸事務處/輔英科技大學國際發展委員會設置要點_law01042.pdf,law01042.pdf,https://ese.fy.edu.tw/var/file/57/1057/img/125/law01042.pdf,,已存在
輔英科技大學海外訪問學者交流作業要點,國際暨兩岸事務處,國際暨兩岸事務法規(#H),109.3.25,2020-03-25,01_行政單位/08_國際暨兩岸事務處/輔英科技大學海外訪問學者交流作業要點_law08312.pdf,law08312.pdf,https://ese.fy.edu.tw/var/file/57/1057/img/125/law08312.pdf,,已存在
輔英科技大學境外交換研修生執行要點,國際暨兩岸事務處,國際暨兩岸事務法規(#H),105.9.30,2016-09-30,01_行政單位/08_國際暨兩岸事務處/輔英科技大學境外交換研修生執行要點_law08123.pdf,law08123.pdf,https://ese.fy.edu.tw/var/file/57/1057/img/125/law08123.pdf,,已存在
輔英科技大學優秀境外學生奬勵要點,國際暨兩岸事務處,國際暨兩岸事務法規(#H),114.6.26,2025-06-26,01_行政單位/08_國際暨兩岸事務處/輔英科技大學優秀境外學生奬勵要點_law08317.pdf,law08317.pdf,https://ese.fy.edu.tw/var/file/57/1057/img/125/law08317.pdf,,已存在
輔英科技大學華語文教學及課程委員會設置要點,國際暨兩岸事務處,國際暨兩岸事務法規(#H),111.11.30,2022-11-30,01_行政單位/08_國際暨兩岸事務處/輔英科技大學華語文教學及課程委員會設置要點_law08318.pdf,law08318.pdf,https://ese.fy.edu.tw/var/file/57/1057/img/125/law08318.pdf,,已存在
輔英科技大學華語文教育實施要點,國際暨兩岸事務處,國際暨兩岸事務法規(#H),110.3.10,2021-03-10,01_行政單位/08_國際暨兩岸事務處/輔英科技大學華語文教育實施要點_law08320.pdf,law08320.pdf,https://ese.fy.edu.tw/var/file/57/1057/img/125/law08320.pdf,,已存在
輔英科技大學境外學生輔導執行要點,國際暨兩岸事務處,國際暨兩岸事務法規(#H),111.6.8,2022-06-08,01_行政單位/08_國際暨兩岸事務處/輔英科技大學境外學生輔導執行要點_law08321.pdf,law08321.pdf,https://ese.fy.edu.tw/var/file/57/1057/img/125/law08321.pdf,,已存在
輔英科技大學外國學生招生規定,國際暨兩岸事務處,國際暨兩岸事務法規(#H),114.12.5,2025-12-05,01_行政單位/08_國際暨兩岸事務處/輔英科技大學外國學生招生規定_law02058.pdf,law02058.pdf,https://ese.fy.edu.tw/var/file/57/1057/img/125/law02058.pdf,,已存在
輔英科技大學華語文教育收支管理要點,國際暨兩岸事務處,國際暨兩岸事務法規(#H),111.7.20,2022-07-20,01_行政單位/08_國際暨兩岸事務處/輔英科技大學華語文教育收支管理要點_law08322.pdf,law08322.pdf,https://ese.fy.edu.tw/var/file/57/1057/img/125/law08322.pdf,,已存在
輔英科技大學單獨招收僑生及港澳生招生規定,國際暨兩岸事務處,國際暨兩岸事務法規(#H),113.4.29,2024-04-29,01_行政單位/08_國際暨兩岸事務處/輔英科技大學單獨招收僑生及港澳生招生規定_law08323.pdf,law08323.pdf,https://ese.fy.edu.tw/var/file/57/1057/img/125/law08323.pdf,,已存在
輔英科技大學學生華語檢定獎勵實施要點,國際暨兩岸事務處,國際暨兩岸事務法規(#H),112.10.18,2023-10-18,01_行政單位/08_國際暨兩岸事務處/輔英科技大學學生華語檢定獎勵實施要點_law08324.pdf,law08324.pdf,https://ese.fy.edu.tw/var/file/57/1057/img/125/law08324.pdf,,已存在
輔英科技大學國際專修部華語先修生修業要點,國際暨兩岸事務處,國際暨兩岸事務法規(#H),114.6.26,2025-06-26,01_行政單位/08_國際暨兩岸事務處/輔英科技大學國際專修部華語先修生修業要點_law08325.pdf,law08325.pdf,https://ese.fy.edu.tw/var/file/57/1057/img/125/law08325.pdf,,已存在
輔英科技大學華語教師聘用待遇服務要點,國際暨兩岸事務處,國際暨兩岸事務法規(#H),114.6.26,2025-06-26,01_行政單位/08_國際暨兩岸事務處/輔英科技大學華語教師聘用待遇服務要點_law08326.pdf,law08326.pdf,https://ese.fy.edu.tw/var/file/57/1057/img/125/law08326.pdf,,已存在
輔英科技大學學生國際交流獎勵補助要點,國際暨兩岸事務處,國際暨兩岸事務法規(#H),114.6.26,2025-06-26,01_行政單位/08_國際暨兩岸事務處/輔英科技大學學生國際交流獎勵補助要點_law08327.pdf,law08327.pdf,https://ese.fy.edu.tw/var/file/57/1057/img/125/law08327.pdf,,已存在
輔英科技大學學生國外研修及研習補助要點,國際暨兩岸事務處,國際暨兩岸事務法規(#H),114.12.31,2025-12-31,01_行政單位/08_國際暨兩岸事務處/輔英科技大學學生國外研修及研習補助要點_law08328.pdf,law08328.pdf,https://ese.fy.edu.tw/var/file/57/1057/img/125/law08328.pdf,,已存在
輔英科技大學產學合作國際專班學生校外實習作業要點,國際暨兩岸事務處,國際暨兩岸事務法規(#H),115.7.29,2026-07-29,01_行政單位/08_國際暨兩岸事務處/輔英科技大學產學合作國際專班學生校外實習作業要點_law08329.pdf,law08329.pdf,https://ese.fy.edu.tw/var/file/57/1057/img/125/law08329.pdf,,已存在
輔英科技大學圖書資源設備借用管理要點(原：圖書館借閱管理要點),圖書暨資訊處,國際暨兩岸事務法規(#H),115.6.30,2026-06-30,01_行政單位/07_圖書暨資訊處/輔英科技大學圖書資源設備借用管理要點(原：圖書館借閱管理要點)_law09002.pdf,law09002.pdf,https://ese.fy.edu.tw/var/file/57/1057/img/125/law09002.pdf,,已存在
輔英科技大學校園網路使用規範,圖書暨資訊處,國際暨兩岸事務法規(#H),105.11.2,2016-11-02,01_行政單位/07_圖書暨資訊處/輔英科技大學校園網路使用規範_law09005.pdf,law09005.pdf,https://ese.fy.edu.tw/var/file/57/1057/img/125/law09005.pdf,,已存在
輔英科技大學圖書館館藏發展政策,圖書暨資訊處,國際暨兩岸事務法規(#H),106.1.18,2017-01-18,01_行政單位/07_圖書暨資訊處/輔英科技大學圖書館館藏發展政策_law09010.pdf,law09010.pdf,https://ese.fy.edu.tw/var/file/57/1057/img/125/law09010.pdf,,已存在
輔英科技大學圖書資源館際合作服務實施要點(原：圖書館館際合作服務實施要點),圖書暨資訊處,國際暨兩岸事務法規(#H),106.1.18,2017-01-18,01_行政單位/07_圖書暨資訊處/輔英科技大學圖書資源館際合作服務實施要點(原：圖書館館際合作服務實施要點)_law09013.pdf,law09013.pdf,https://ese.fy.edu.tw/var/file/57/1057/img/125/law09013.pdf,,已存在
輔英科技大學圖書館影印及列印服務實施要點,圖書暨資訊處,國際暨兩岸事務法規(#H),111.12.23,2022-12-23,01_行政單位/07_圖書暨資訊處/輔英科技大學圖書館影印及列印服務實施要點_law09014.pdf,law09014.pdf,https://ese.fy.edu.tw/var/file/57/1057/img/125/law09014.pdf,,已存在
輔英科技大學保護智慧財產權教育委員會設置要點,圖書暨資訊處,國際暨兩岸事務法規(#H),105.9.30,2016-09-30,01_行政單位/07_圖書暨資訊處/輔英科技大學保護智慧財產權教育委員會設置要點_law09015.pdf,law09015.pdf,https://ese.fy.edu.tw/var/file/57/1057/img/125/law09015.pdf,,已存在
輔英科技大學資訊安全政策,圖書暨資訊處,國際暨兩岸事務法規(#H),112.11.30,2023-11-30,01_行政單位/07_圖書暨資訊處/輔英科技大學資訊安全政策_law09019.pdf,law09019.pdf,https://ese.fy.edu.tw/var/file/57/1057/img/125/law09019.pdf,,已存在
輔英科技大學圖書館讀者討論室使用管理要點,圖書暨資訊處,國際暨兩岸事務法規(#H),111.12.23,2022-12-23,01_行政單位/07_圖書暨資訊處/輔英科技大學圖書館讀者討論室使用管理要點_law09021.pdf,law09021.pdf,https://ese.fy.edu.tw/var/file/57/1057/img/125/law09021.pdf,,已存在
輔英科技大學網站管理要點,圖書暨資訊處,國際暨兩岸事務法規(#H),115.6.30,2026-06-30,01_行政單位/07_圖書暨資訊處/輔英科技大學網站管理要點_law09022.pdf,law09022.pdf,https://ese.fy.edu.tw/var/file/57/1057/img/125/law09022.pdf,,已存在
輔英科技大學圖書館研究小間使用管理要點,圖書暨資訊處,國際暨兩岸事務法規(#H),111.12.23,2022-12-23,01_行政單位/07_圖書暨資訊處/輔英科技大學圖書館研究小間使用管理要點_law09024.pdf,law09024.pdf,https://ese.fy.edu.tw/var/file/57/1057/img/125/law09024.pdf,,已存在
輔英科技大學資訊安全暨個人資料保護委員會設置要點,圖書暨資訊處,國際暨兩岸事務法規(#H),112.10.18,2023-10-18,01_行政單位/07_圖書暨資訊處/輔英科技大學資訊安全暨個人資料保護委員會設置要點_law09025.pdf,law09025.pdf,https://ese.fy.edu.tw/var/file/57/1057/img/125/law09025.pdf,,已存在
輔英科技大學資訊安全暨個人資料保護管理要點,圖書暨資訊處,國際暨兩岸事務法規(#H),104.12.30,2015-12-30,01_行政單位/07_圖書暨資訊處/輔英科技大學資訊安全暨個人資料保護管理要點_law09026.pdf,law09026.pdf,https://ese.fy.edu.tw/var/file/57/1057/img/125/law09026.pdf,,已存在
輔英科技大學協助經濟弱勢學生取得教科書實施要點(原：圖書館協助經濟弱勢學生取得教科書實施要點),圖書暨資訊處,國際暨兩岸事務法規(#H),110.12.14,2021-12-14,01_行政單位/07_圖書暨資訊處/輔英科技大學協助經濟弱勢學生取得教科書實施要點(原：圖書館協助經濟弱勢學生取得教科書實施要點)_law09027.pdf,law09027.pdf,https://ese.fy.edu.tw/var/file/57/1057/img/125/law09027.pdf,,已存在
輔英科技大學圖書資訊委員會設置要點,圖書暨資訊處,國際暨兩岸事務法規(#H),105.9.30,2016-09-30,01_行政單位/07_圖書暨資訊處/輔英科技大學圖書資訊委員會設置要點_law09028.pdf,law09028.pdf,https://ese.fy.edu.tw/var/file/57/1057/img/125/law09028.pdf,,已存在
輔英科技大學圖書志工服務實施要點(原：圖書館志工服務實施要點),圖書暨資訊處,國際暨兩岸事務法規(#H),106.2.13,2017-02-13,01_行政單位/07_圖書暨資訊處/輔英科技大學圖書志工服務實施要點(原：圖書館志工服務實施要點)_law09029.pdf,law09029.pdf,https://ese.fy.edu.tw/var/file/57/1057/img/125/law09029.pdf,,已存在
輔英科技大學圖書館藝文展覽空間管理要點(原：圖書館藝文展覽空間管理要點),圖書暨資訊處,國際暨兩岸事務法規(#H),105.9.13,2016-09-13,01_行政單位/07_圖書暨資訊處/輔英科技大學圖書館藝文展覽空間管理要點(原：圖書館藝文展覽空間管理要點)_law09030.pdf,law09030.pdf,https://ese.fy.edu.tw/var/file/57/1057/img/125/law09030.pdf,,已存在
輔英科技大學校園保護智慧財產權行動方案單位推動權責實施要點,圖書暨資訊處,國際暨兩岸事務法規(#H),106.1.12,2017-01-12,01_行政單位/07_圖書暨資訊處/輔英科技大學校園保護智慧財產權行動方案單位推動權責實施要點_law09031.pdf,law09031.pdf,https://ese.fy.edu.tw/var/file/57/1057/img/125/law09031.pdf,,已存在
輔英科技大學圖書資源經費分配及採購原則,圖書暨資訊處,國際暨兩岸事務法規(#H),113.6.25,2024-06-25,01_行政單位/07_圖書暨資訊處/輔英科技大學圖書資源經費分配及採購原則_law09032.pdf,law09032.pdf,https://ese.fy.edu.tw/var/file/57/1057/img/125/law09032.pdf,,已存在
輔英科技大學資訊設備管理要點,圖書暨資訊處,國際暨兩岸事務法規(#H),106.1.18,2017-01-18,01_行政單位/07_圖書暨資訊處/輔英科技大學資訊設備管理要點_law09033.pdf,law09033.pdf,https://ese.fy.edu.tw/var/file/57/1057/img/125/law09033.pdf,,已存在
輔英科技大學主機代管暨虛擬主機服務管理要點,圖書暨資訊處,國際暨兩岸事務法規(#H),106.1.18,2017-01-18,01_行政單位/07_圖書暨資訊處/輔英科技大學主機代管暨虛擬主機服務管理要點_law09034.pdf,law09034.pdf,https://ese.fy.edu.tw/var/file/57/1057/img/125/law09034.pdf,,已存在
輔英科技大學吳大猷紀念圖書館閱覽服務要點,圖書暨資訊處,國際暨兩岸事務法規(#H),115.6.30,2026-06-30,01_行政單位/07_圖書暨資訊處/輔英科技大學吳大猷紀念圖書館閱覽服務要點_law09035.pdf,law09035.pdf,https://ese.fy.edu.tw/var/file/57/1057/img/125/law09035.pdf,,已存在
輔英科技大學學位論文典藏要點,圖書暨資訊處,國際暨兩岸事務法規(#H),115.1.20,2026-01-20,01_行政單位/07_圖書暨資訊處/輔英科技大學學位論文典藏要點_Law09036.pdf,Law09036.pdf,https://ese.fy.edu.tw/var/file/57/1057/img/125/Law09036.pdf,,已存在
輔英科技大學傑出校友暨榮譽校友遴選作業要點,公共事務暨校友服務室,公共事務暨校友法規(#o),114.9.3,2025-09-03,01_行政單位/02_校長室與秘書處/輔英科技大學傑出校友暨榮譽校友遴選作業要點_law11001.pdf,law11001.pdf,https://ese.fy.edu.tw/var/file/57/1057/img/125/law11001.pdf,,已存在
輔英科技大學各界捐贈使用管理暨致謝作業要點(原：各界捐贈使用管理暨致謝要點),公共事務暨校友服務室,公共事務暨校友法規(#o),113.5.22,2024-05-22,01_行政單位/02_校長室與秘書處/輔英科技大學各界捐贈使用管理暨致謝作業要點(原：各界捐贈使用管理暨致謝要點)_law05002.pdf,law05002.pdf,https://ese.fy.edu.tw/var/file/57/1057/img/125/law05002.pdf,,已存在
輔英科技大學募款委員會設置辦法,公共事務暨校友服務室,公共事務暨校友法規(#o),108.3.13,2019-03-13,01_行政單位/02_校長室與秘書處/輔英科技大學募款委員會設置辦法_law11002.pdf,law11002.pdf,https://ese.fy.edu.tw/var/file/57/1057/img/125/law11002.pdf,,已存在
輔英科技大學推廣教育實施要點,推廣教育中心,推廣教育法規(#R),104.12.2,2015-12-02,01_行政單位/14_推廣教育中心/輔英科技大學推廣教育實施要點_law02054.pdf,law02054.pdf,https://ese.fy.edu.tw/var/file/57/1057/img/125/law02054.pdf,,已存在
輔英科技大學推廣教育委員會設置要點(原：推廣教育審查小組設置要點),推廣教育中心,推廣教育法規(#R),113.11.13,2024-11-13,01_行政單位/14_推廣教育中心/輔英科技大學推廣教育委員會設置要點(原：推廣教育審查小組設置要點)_law02055.pdf,law02055.pdf,https://ese.fy.edu.tw/var/file/57/1057/img/125/law02055.pdf,,已存在
輔英科技大學推廣教育收支管理要點,推廣教育中心,推廣教育法規(#R),113.11.13,2024-11-13,01_行政單位/14_推廣教育中心/輔英科技大學推廣教育收支管理要點_law02076.pdf,law02076.pdf,https://ese.fy.edu.tw/var/file/57/1057/img/125/law02076.pdf,,已存在
輔英科技大學SPA情境館與美甲美睫創業工坊管理要點,健康美容系,學院(系、學程、中心)法規(#Q),108.9.25,2019-09-25,02_教學學術單位/02_醫學與健康學院/輔英科技大學SPA情境館與美甲美睫創業工坊管理要點_law02107.pdf,law02107.pdf,https://ese.fy.edu.tw/var/file/57/1057/img/125/law02107.pdf,,已存在
輔英科技大學護理學院高齡全程照顧人才培育中心設置要點,護理學院,學院(系、學程、中心)法規(#Q),108.2.20,2019-02-20,02_教學學術單位/01_護理學院/輔英科技大學護理學院高齡全程照顧人才培育中心設置要點_law01048.pdf,law01048.pdf,https://ese.fy.edu.tw/var/file/57/1057/img/125/law01048.pdf,,已存在
輔英科技大學產學合作國際專班與住宿式長照產業機構合作要點,高齡及長期照護事業系,學院(系、學程、中心)法規(#Q),115.7.29,2026-07-29,02_教學學術單位/01_護理學院/輔英科技大學產學合作國際專班與住宿式長照產業機構合作要點_law01051.pdf,law01051.pdf,https://ese.fy.edu.tw/var/file/57/1057/img/125/law01051.pdf,,已存在
